player,firstbloodkill,firstbloodvictim,dpm,damageshare,wpm,wcpm,earned_gpm,cspm,xpat10,csat10,golddiffat10,xpdiffat10,csdiffat10,xpat15,csat15,golddiffat15,xpdiffat15,csdiffat15,kd,apm,mkoj_pm,mkej_pm
Bwipo,0.05468773853499448,1.2398974888694781e-05,533.7329494963196,0.22829061789724192,0.5321355337290188,0.09222595988707116,238.40972379038845,7.106377786471795,4561.074556471447,75.48416912217418,-255.0448974630172,24.10050135625888,-8.583620210809212,7029.1751697341915,116.09370171619777,-662.4410174498043,-495.40433509685636,-22.022180768134447,0.5370514035924573,0.18160107472979836,0.10843997320271316,0.0006739016053860573
Broxah,0.13281250477303885,0.031250074975616826,204.09562009047409,0.1203755226478814,0.3384578062919163,0.5647400070809914,201.9155721500423,5.738211641757387,3388.347872515292,60.006529033527194,669.5611828198668,202.80830933259426,-1.8133272206386293,5331.8831450928865,96.84342725146672,856.9167590956786,-455.96687054692205,-6.148204309493504,1.4920670058006673,0.13634073889467913,3.1024164445074347,0.2287816207791677
Nemesis,1.1921111742199737e-07,0.5625000615257534,708.980524696027,0.3019126649404624,0.2555792671272748,0.24132178229636608,298.7618241226222,8.591489244960218,4213.16237666931,71.7546758090601,-231.42268625619704,-391.5505260757633,-11.074381887708437,7211.155416946941,125.76957615519689,-82.51709306815496,-18.328848417488814,-4.006006357152624,1.1727656503518968,0.12213207665917791,0.48723834340770816,0.04646413014151551
Rekkles,0.12768556550145155,4.585221091701897e-13,512.687740116311,0.21681469506202994,0.39672722787079384,0.3922216895671305,297.3789172100906,8.973151632003336,3544.7406254970365,89.65196080922162,159.23846161146093,256.279475953193,5.2529306283238135,5906.694637919501,144.8272232739564,760.4124099925531,561.0414833572991,12.173326122371531,1.1912157195474293,0.18177331625649595,0.35902995086024514,0.0036897056614090947
Hylissang,3.051757825289791e-05,0.2539238934477921,195.36587481237603,0.0841195290990471,1.7339088392308866,0.47066225750669016,99.41880599215659,1.176932736730972,2686.126539939303,12.109430372555268,-285.7530225543452,342.3928092344275,-2.8686013681122264,4202.244738458404,21.017625665604022,-267.8907029148611,342.31420959651814,-2.940302984080596,0.12162258433582153,0.281545395176768,2.5011104298755527e-12,5.668709945894079e-12
Werlyb,4.029273986816406e-05,0.50006103515625,386.258799769783,0.21390620009012223,0.43579868795871735,0.22346723330020904,213.7753722131729,7.073801233267784,4315.587265253067,72.70826315879822,-217.81728649139404,-120.286856174469,-11.845997333526611,6520.456254720688,111.96605277061462,-1036.4282336235046,-405.4704144001007,-14.928048372268677,0.8388881774902344,0.09993680715560913,0.011321892738342287,0.00131378173828125
Selfmade,0.001159705225290964,3.308722450212111e-24,392.0791927504267,0.16886281233065664,0.40944152278378587,0.31896287111593147,211.30030526732452,6.025102762821794,3593.251330758314,68.86761724133996,205.51404380973466,268.61864541787844,14.695099135724956,5972.318256126825,103.74550220343761,145.95094678494084,663.7779060233081,18.15784716893966,0.8217313272736969,0.2571148231755873,3.4098931849523604,0.25733665513014387
Pirean,0.0078163156285882,0.0625002981396392,341.34643817714493,0.24100651474423945,0.46531329359989615,0.24027629235161585,194.01926733491223,7.4460802176054806,4153.118443957297,77.82476983376546,-500.22266787843546,-550.0300240799552,-10.910569014784414,6307.889233459951,121.2655800137436,-1383.8036106990767,-1214.6408845412661,-19.396637299098074,0.43362364427554423,0.08990466340095736,0.2360750281892251,0.03716389402747154
Crownshot,0.515869379103613,5.684341971445841e-14,512.5188695457616,0.29262816228233246,0.3368216653532856,0.24430440487853644,280.5856159230336,9.299895159694563,3231.096944195096,84.81607028141428,588.5985562206212,39.05727797596654,15.209284867885852,5459.385508333717,139.11804918659416,762.3764050721907,65.77915207732552,24.250539894014793,1.1342894640157086,0.07746879138491412,0.779255197971501,0.012230541911399108
Dreams,2.2737367544323206e-13,0.28222656253639467,121.4200254914509,0.0717855153591683,1.2380255395838036,0.16174383548457114,83.70850104699072,0.9601980373865466,2417.885385684739,11.748087867774078,-223.91572251936165,179.07319759607276,-0.7871856295693729,3728.2147013711087,18.53194779277951,-357.9847341494928,-13.291768277486142,-2.9078900553080933,0.18303818338341665,0.2100578445934868,2.2351883899318636e-10,0.0
Vizicsacsi,1.914916310852277e-06,0.5390625,432.9237459119124,0.2798676383810685,0.5270770890841734,0.1983888046696669,209.53210809427296,7.658924652421888,4096.796236660678,75.15115462031173,195.90631455964842,-193.47656438851553,12.888596381006579,6792.687680072642,119.76398362095722,-28.943388588640687,20.84222217113262,19.006063925426787,0.05978015094097709,0.12928026002763743,0.16314134749565712,0.004997145977570198
Xerxe,0.019775480041126513,0.0009803790599107742,374.39878295464376,0.21314517088778484,0.5859039729139287,0.4950207928638744,174.8055870185836,5.536166935087184,3361.8486325109616,65.2993453855842,-129.8192958735932,-146.10141203680766,5.31126042988506,5256.944590426534,98.67048951455675,247.3611630998584,334.57222411472617,18.192219764701004,0.9124933103033832,0.04832926017763382,3.0486796357858137,0.38307690516221127
Humanoid,0.3125095442519523,0.0025939941433553455,555.9201762141795,0.24261615380199697,0.4097159273756501,0.12144297345124536,251.89576478466952,7.910618861951075,4646.193717326388,83.55236468784989,170.71158317051848,-287.19044693444766,-13.009207468741735,7202.740745566167,132.2670033961667,-592.7382557004607,-455.0937414427749,-13.291807268598262,0.6868138397908741,0.18338703845963417,0.4165185724447906,0.13079385438765107
Kobbe,1.9499566451612667e-09,2.2204461021898723e-15,812.7095764541398,0.36534194362502936,0.28404870899305645,0.3583645555177718,325.60168883559726,9.63405919250205,3166.1979530478407,84.96297168337803,-216.53365363143334,-396.11378489926426,-4.246896493579487,5151.72287079811,134.892986970909,76.30029832836175,-797.2838053690471,-8.063160918098031,1.089652872080314,0.11749388275302018,0.7135022126535113,0.037392976354658804
Tore,6.394884623164391e-14,0.6259920597076416,118.69677820581289,0.07254097017261676,1.2466053802511825,0.35211880009190655,75.43797413380807,1.0422790415674654,2525.5759930901863,11.704984964940769,-338.6164843582505,53.653803820276,-0.7234493667526434,3834.110882982854,19.81852869737084,-416.2692775827512,150.33453378833508,-2.958349618267758,0.0004891166860878972,0.23093837622627533,1.46484375e-05,5.551115123125783e-19
Expect,6.105101796727297e-05,0.3809930086717954,323.5857469816598,0.17675786661500098,0.5074497738945825,0.1073694702129752,193.80902066491217,7.128267505808867,4551.2473069272055,74.83320615933813,-256.87981171807957,-170.7920055418331,-3.7328169401352005,6943.516760050114,113.85976281769227,-444.4435197172636,-514.7471677545909,-8.341074765063125,0.23674656019348428,0.08472750033518857,0.031482710261682076,0.0006565883763188829
Caedrel,0.0005798349158112901,0.06250011921110987,170.48166434571976,0.10257607933020277,0.620197560567634,0.30084457837913575,148.07972147096578,4.653356473095094,3240.310555687865,61.16135108836306,-77.8073796315008,122.56259269977613,2.1394595289396676,5052.044434384719,89.11031444994876,-33.01180291747394,78.59194470392632,-0.5110014884503435,0.41713009346504154,0.15505077818917734,2.4248952359749216,0.07234308178633074
Exile,0.0,0.0078125,212.19484609375002,0.22055038671875,0.4590609375,0.16626328125,202.38200625000002,8.092314453124999,4512.37109375,76.05078125,-358.24609375,-166.078125,-15.5703125,6962.39453125,122.34375,-549.3046875,-439.08984375,-22.0078125,0.203120703125,0.0351171875,0.3804296875,0.0261328125
Jeskla,1.1444091796875e-05,0.50213623046875,498.2546382426421,0.24874414052566513,0.506823432606645,0.12262906751008704,241.4440761520879,7.339678256347636,3447.750234705396,68.1542021590285,-472.68072532257065,547.1115239704959,20.478585951495916,6198.886075279675,118.48150087613612,-65.9947911882773,1388.4468090930022,41.90240782499313,0.8480311038695276,0.13306783710606396,0.3203486572159454,0.011706483531743288
kaSing,0.0,0.0029296875,97.55614985427857,0.07912224545631408,1.3761042675018311,0.26334854354858395,87.87490287704469,1.5303453552246093,2726.902904510498,10.865657806396484,-290.5470962524414,-182.0788116455078,-6.1132659912109375,4063.1358070373535,18.70891571044922,-584.916389465332,-14.737533569335938,-6.038417816162109,0.5976753234863281,0.05988739013671875,0.0006253051757812501,7.8125e-05
Cabochard,1.4901162082087486e-08,0.25048923527356415,330.0973161637427,0.17494386469018317,0.41215150894329733,0.13275226077210006,188.77672509300515,6.417115141502164,4408.157725284023,73.85586343220493,36.034559016409816,121.57379363725776,3.2422407791616212,6784.74011884987,119.44787438244744,-532.2516044414914,-372.1122586991972,-3.4947376206760072,0.6240455345781531,0.12269073456555946,0.20117457975301806,0.019375245671701055
Mowgli,4.563844413496554e-08,0.0686112679541111,198.60692302532163,0.10147193266342422,0.6746333143727621,0.38863143197844985,138.01203246860192,3.6472354713618955,3322.2946137299264,55.846760105853036,353.85431643186035,380.3223891420381,7.2303205005363225,4906.430638835145,75.84548759628495,-75.73711976755635,-542.7401986493821,-1.2820956452160317,0.41118222739108046,0.185530899134734,1.8900725153930584,0.3415464413621902
Jiizuke,0.0032043755963968718,0.01955032360342557,664.7032382230883,0.2755787940070725,0.41787519699239906,0.17183563101938065,335.3951726871834,10.003076128902162,4935.069968441935,91.57503903544495,342.09508926430806,204.8203696080941,4.2132087523073825,7921.463505018745,149.44973498487872,930.4922552299834,261.96959297666024,11.074713868689315,1.28235755912897,0.1460150961381479,0.4950523344536297,0.3769421858729476
Attila,0.0,0.008302211819795957,307.70364007441066,0.1505146735866023,0.5364874909652612,0.39660820711494305,243.02592863652507,8.067335102703012,3024.2716582818994,77.21254868929196,-75.5413713229027,-224.36113992131664,-7.789649043889199,4829.910612136058,118.54832044277475,-538.1200444027642,-889.6642076010917,-13.529362694786414,0.6355707387294727,0.16031296105100468,0.5525850986434557,0.000490753855959838
Jactroll,5.401752788403158e-07,0.00805676029995262,125.8887998207761,0.07112746752550812,1.6570712005174564,0.18682036809163435,71.45247440494768,0.8485168884884833,2546.351954458329,12.405540146666496,-116.75806419455836,-238.17079568313392,1.5395662366991676,3931.234830862466,19.53752124822242,116.13982011781158,-321.25945633665253,1.6328708986372786,0.06449031680126038,0.13818712853999593,3.6621095750888344e-06,7.152557373046875e-09
Odoamne,0.06250000000023892,3.177674125255692e-05,445.7719819703493,0.2623485249895948,0.3893341574779762,0.17238438413740848,242.0898416444694,7.2957547647187635,4471.159165737012,77.83995122797552,183.43492853341513,-84.4314935134268,8.370948007628058,6613.182555748236,111.03079417075564,609.7522295312842,60.32452006049352,13.82949298625346,0.8984790362839399,0.1216808011171868,0.24293535286498497,0.033861391597117305
Memento,0.8125705718994141,3.814697265625e-06,175.1431638490677,0.13952936748542788,1.0082043706893922,0.43730662231445316,184.24180670585633,4.760232070350647,3029.0474128723145,52.1967658996582,199.07719230651855,-239.48690032958984,-5.011409759521484,5415.405818939209,82.18108940124512,9.750560760498047,-266.63900566101074,-1.8992233276367188,1.311360478591919,0.184695930480957,2.685036334991455,0.4831282806396484
Abbedagge,4.826597579388192e-07,0.01564025878909092,502.27706277499425,0.2986294226959494,0.4135845515778778,0.18287557517229958,274.62464263115993,9.061720099991948,4935.85689014376,91.67450799448119,-98.84236706725204,321.8469223035651,9.159728543079655,7746.337958749578,146.6036696550638,-73.4445375625539,171.89316164414086,8.174197969949654,1.867555714907367,0.1304220185416422,0.696525092186727,0.12282320773008909
Upset,0.12500000372552122,0.06250000049476512,405.2462775402869,0.2433669586420813,0.3733113232182088,0.281199459707258,252.49896165517043,9.028433359203124,3091.4358666955573,87.68039737937518,10.377191294761758,79.62313849003118,8.630157352008837,5221.825786514144,138.04609459812508,30.24943425436794,-33.00382957492559,8.111730803730536,1.4856156077322629,0.08991313363108426,0.3914195009694822,0.03620022750524533
IgNar,0.1250000004656613,4.82797622686346e-06,139.55734922752546,0.07580309008144966,2.0936868826461197,0.4469359934871349,78.4201231686546,1.047918758226027,2798.1322384847263,12.953277486333954,218.0281624238851,153.37476245105435,0.69360502421606,3486.953923268744,17.786372728567887,44.034344873950786,-86.28504492967147,-3.6617742667264688,0.8954139801072821,0.12735709359064418,0.003828125,5.7220458984375e-08
Profit,0.03125,4.0531158447265625e-06,286.68216996402145,0.18288193667942285,0.4534535368978977,0.13329661027789116,220.7666550198436,7.677133021700382,4462.848794639111,72.8389955163002,-282.7756866812706,-44.1080806851387,-6.410141170024872,7004.850034356117,118.51792120933533,-1159.768414080143,-357.8502396941185,-16.084246695041656,0.5983536194801331,0.14667083621025084,0.3150416767597199,0.00010833740234375
Kikis,0.0020751953125,0.5634803771972656,269.7003501701355,0.1625508864692688,0.732506067276001,0.3869315948486328,168.75547358474728,4.778734790802002,3170.8934364318848,55.50059127807617,-192.89275741577148,11.847450256347656,2.6675567626953125,5090.103553771973,77.25252151489258,-224.70249938964844,-659.4134292602539,-7.020149230957031,0.7003520767211915,0.13844825744628908,2.5680838775634767,0.17612102508544925
Sencux,6.866455078125e-05,0.0078125,429.2176272789001,0.261007099937439,0.42535084190368655,0.12087018928527832,266.0972782657623,9.278379348754882,4722.23123550415,82.6773681640625,66.49896621704102,188.7568588256836,-1.6695556640625,7417.6962814331055,137.2657241821289,-66.47284698486328,289.4102973937988,6.846382141113281,0.998378218460083,0.09102035522460937,0.34345344543457035,0.010195312500000001
HeaQ,0.0625,0.0,418.952875015831,0.24452660230731965,0.434193616771698,0.16596949071884154,240.35006904935835,8.642424419593812,3433.9656457901,87.85464382171631,-60.850422859191895,144.1872148513794,-1.6370677947998047,5369.799256324768,132.748610496521,-592.3412208557129,-464.38252353668213,-13.716999053955078,0.39999470825195316,0.16011743545532225,0.7556890487670898,0.015498046875000001
WADID,0.0,3.8623809814453125e-05,106.6931466675818,0.059130587904924155,1.4828347406327724,0.12158830100893975,66.69945799156427,1.134669731670618,2462.7179585695267,11.001633048057556,-69.58266431093216,-528.6822667717934,7.717820405960083,3702.00978153944,17.009784042835236,-174.90535044670105,-859.3866581320763,11.162599682807922,0.06647109985351562,0.16209222435951234,0.0,0.0
sOAZ,0.031250000000227374,0.7587891818567414,404.8570879998805,0.2658335793286123,0.4306425445021327,0.14621207827653687,178.81565789798424,7.276424576568722,4164.187979155775,63.73723984217152,-938.6483511695474,-236.68464250291626,-14.82669269533853,6923.870302754776,114.98055703625354,-974.0535986443012,259.8126042854321,-3.509314229576667,0.12194579340110524,0.023809946648221184,0.14064054970885195,0.0026573596025997403
Maxlore,0.00012350082397460938,0.12506103515625,131.84582580814362,0.10215232926654816,0.44625674110651015,0.5656004547715188,141.4675947257161,4.364437102305889,3103.0148998498917,48.61202347278595,-297.2936569452286,-16.279773473739624,1.585998296737671,5009.978828668594,74.34386789798737,-614.9385492801666,-398.81327056884766,-1.5562000274658203,0.34421679573059083,0.11985627412796021,2.280655953884125,0.10938800573348999
FEBIVEN,0.008056641341795515,0.2500000149012056,537.9157289196233,0.25909788318824944,0.32224917850647694,0.15131665864586152,246.4333013217481,8.078366177134424,4733.102164876633,89.88566649647827,-222.76859535129216,-13.221966917842039,-0.2964048396438921,7659.607021783727,148.21542764552055,-284.2984790985769,268.60286571709554,4.549164626010382,1.1062878487999377,0.12981186234695463,0.6269092446515613,0.031746516241042924
Hans sama,0.3750152589055915,0.007875458366470411,327.9911483629021,0.23927664186597808,0.4932978194710821,0.27564853414450663,318.9365797229356,9.143635239356112,3505.789982495865,82.25141291443876,395.48994420691156,511.47870876145237,11.767180228672272,5572.797492323702,129.1348994541998,966.6034315209456,335.7758918675572,13.276660815522112,1.8865036484806732,0.09675402603300884,0.48378314457832805,0.0911384154772984
GorillA,0.0,0.0001239776611328125,168.7707358690813,0.13267147015453876,1.1874004174083472,0.42028808886259794,87.72946133696139,1.1888502380266786,2605.424670442939,9.428044617176056,-181.2420689612627,-185.43142493069172,-2.0652942061424255,3824.9849369227886,17.45902682840824,-221.27192449569702,-242.63624994456768,-1.9648176729679108,0.08688640383481978,0.1417415462434292,0.02005859375,3.078579902648926e-07
Alphari,0.03125012689270079,0.7520446787981429,377.95317311653866,0.252090467127357,0.41877801890398936,0.17327889482071096,204.8208400062329,7.663443568055875,4357.175104589042,74.38089758422375,-230.16310317335893,151.5559283081645,7.475121933741811,6748.195768964353,114.63198000138638,-750.9051100973348,54.164933198832955,3.5879165133803106,0.15170009203073254,0.060679322390599345,0.2148886690919174,0.006932489912522582
Kold,0.37500799098052084,1.9073486328125e-05,165.0136026721986,0.10949161748784808,0.4999602564422736,0.4101683439191365,140.94695867864488,4.350000765382073,2970.127895972878,52.31446431324571,63.1820547998758,-27.355269044426166,2.812837825563804,4714.442428480948,75.83727336262041,-317.85474378025935,-689.88336655197,-3.2945032955581155,0.42694650078861207,0.10253387238017922,2.2703173332666067,0.060697433495458315
Nukeduck,0.0006275177002095303,2.3842221719171715e-07,343.59697064220563,0.2202781158635322,0.3828415452653976,0.15686704182717504,197.1599461484616,7.41053731515183,4898.524934474546,89.36833787927367,-77.45224081506952,77.52869354852763,-6.776371984370066,7624.0467546465225,134.88971078381067,-326.7817181999375,95.06943684058872,-13.864688098269543,1.2882759225660334,0.08781985096275666,0.28204509245338866,0.008617042335980154
Patrik,0.01562500000006395,0.001955032348636372,644.1029260714395,0.3583542828964471,0.440183239479405,0.22419899706079355,284.75755659781987,8.530506801847658,3148.577003773855,82.59564985295106,-422.77175137899656,-227.43669614379104,-7.105997210992095,5392.670607305924,132.77664727147715,-240.30873869203387,-61.06229240783448,-5.1707705396252805,2.2734536976655964,0.07889674865946095,0.37520877702653327,0.025219916696523847
Mithy,1.5518253349000588e-11,0.56262211513274,144.40951830019077,0.09041008597086495,1.5140389317304246,0.5160529465858481,78.31274976296044,1.287122657364623,2903.76975712928,8.05925567806031,-11.716107903605405,295.98845910103535,-3.0330188478786795,3875.4902223235167,11.463827957448473,-33.41303268005805,-64.70844869234662,-6.060847599062242,0.09506578426066545,0.12138256520550157,0.0,5.859380587935447e-05
Wunder,0.00012207055988278104,0.005371273030505108,660.9381374612765,0.26541647064428486,0.5308674494905824,0.1471353957823297,302.14583579045643,8.771798728897899,4575.063005070528,84.08632174615022,346.649235906951,63.58174900807663,11.024914212544589,7548.561892433878,137.85360870372716,699.4804714462869,572.8880414624816,24.93055628697473,2.0178551509857523,0.21178691625495707,0.34966823114600676,0.24169699757419044
Jankos,0.0019607702380436106,0.00024414068321476634,285.71553484292576,0.11841701067646282,0.3532819121965146,0.5567163513895346,233.29256896777827,5.378053504690012,3306.283440236348,54.0196662704661,-196.7507791775326,-286.2371001755344,-15.220556387947044,5401.728430682635,87.42760174521197,-122.07368743495144,-588.1376480598693,-16.88298959881135,5.085723023658334,0.2446568788763646,2.398128421858024,0.29119483755023046
Caps,3.075602626448522e-05,0.00782775879088149,780.969841556629,0.3162886423905895,0.3665369122774408,0.1467525788770131,336.3724205211983,9.131581088878377,4585.621337226425,81.92531804788034,155.455103105045,358.66524987621176,10.117978937952655,7259.2502621630665,130.45951162252084,-7.094822945195006,50.47693394038154,4.909267711914576,3.595974360005543,0.1951975729479057,0.631367349436628,0.45626271118438644
Perkz,1.9073487469436505e-06,0.1250004842886483,539.935275769492,0.23146665895799706,0.35777445416693937,0.2423536042908705,330.9490501974573,9.839130042396782,3268.040150883023,83.40311885028723,-197.70809212335354,-331.588096274582,-6.175415756309344,5324.575916774514,131.55775363593062,-862.3416891492086,-628.2560127063757,-12.302846411479274,1.6804713908390037,0.2766445018214354,1.036521813433397,0.26357178398859105
Mikyx,0.7500648498535303,0.10937598359311451,167.63693537146833,0.06841134253980499,1.8734674973729575,0.3700133823090491,118.87053334064933,1.0317379402307245,2300.47552805981,15.362569090430137,284.05034920143646,-314.44071342598943,3.4221258909837724,3779.7572244027783,24.13928214980617,256.8004963002402,-307.78738580218084,3.670300188460393,0.48763847800426646,0.2755588363173219,7.813044023645243e-05,8.465450562771666e-17
Impact,0.01562523842585528,0.005375981624640147,482.4732751743776,0.28754753669444527,0.46133393215080193,0.10649828341042784,235.96184637092892,7.321247205296583,4399.458446547564,66.90041982429952,337.35713736130316,82.79575457482065,-2.215614328739073,7219.971688380742,113.53761387523672,488.4356213520889,184.886930367613,-5.403252194938654,0.623497241227777,0.16867434986656246,0.05058575497367729,0.003470956983676566
Xmithie,0.03126907721343749,0.18750032782554638,279.66409253254017,0.1613290170556057,0.3068682799643356,0.40665908356839126,176.73828568652547,5.660996153974324,3595.059916526399,69.1973252868516,-152.43103476368705,-36.9632720333654,-0.43048412687200743,5634.855905788665,98.60268490742182,104.05088657031253,-212.30334168989788,-10.037318468470312,0.6623567914112098,0.061871383631905544,3.3623853440516225,0.38626414956656985
Jensen,1.5735655325498088e-05,3.24249267863461e-05,471.65323167206685,0.27431944191063284,0.3862556213162349,0.17352571772076786,300.94740408155644,9.468371282100073,4869.992037157666,92.03064525605319,193.50314486202205,214.34368611028356,11.559519295619198,8007.395231796403,150.94489495259342,352.12013781657436,234.32574348593064,11.41030596540508,2.6986692570004873,0.13683778256091,0.5343483067071529,0.1946801126801347
Doublelift,0.025390625014552033,4.727130273270955e-16,623.0390812409905,0.28791608356666454,0.36213463147369696,0.42289534095618947,287.7340694495051,8.503204301011177,3071.5141799889307,87.27815353413044,-366.08011859814627,-130.06349831478576,-2.08350925111598,5102.986625001138,131.4864165294287,-451.110902404095,-609.8762229137318,-6.669611299595498,1.4448053026911853,0.18406709680289288,0.4569648184373666,0.06399137793947038
CoreJJ,0.00018310546875710743,0.5022048950195312,109.14726171324983,0.06119229870431893,1.4541272032796804,0.45753504381649857,91.94182757070975,1.135764532426433,2390.3290928995316,12.842271426251168,-18.41700529896211,-207.04801467360238,-1.1735227535915245,3696.6973599793273,21.6029120880252,167.30240098691192,53.68719461829082,-1.3331405985746332,1.0419341204628836,0.18422278296910932,1.220703125e-05,9.486781933945237e-22
Licorice,3.075600216107335e-05,0.6253833873198147,349.29131224416994,0.19411475969763278,0.45195815459496963,0.1576638515337903,207.98501165687856,6.54773559803859,3959.8803064083168,58.50510901318067,-1141.3354122286346,-555.8875270859173,-18.88304545076615,6385.244119813211,96.62233365166655,-1057.7096848291499,173.4470106341352,-9.80506727361303,0.5261082895191957,0.16477021925325444,0.2034120943774779,0.02883814776937722
Svenskeren,0.03125000000000007,0.31298828128709033,305.6991568675734,0.13277832687490082,0.5032769805888795,0.3289980182192251,198.46967168435143,5.233059594168713,3305.525778674611,57.14249433751452,190.26293989803096,33.129484624937376,-2.884475507378802,5364.829014114308,86.45055728253257,228.52616955646366,-278.2699282115485,-9.920193365818323,0.8745612919250005,0.17039531518584614,2.8248099267921187,0.2506852707869217
Nisqy,0.0004930498034814713,0.06250000023283064,500.68184864181654,0.2853897339295174,0.49293557685497286,0.20495558390521557,232.5275271950747,8.304934411729862,4757.496561937836,91.7195275125204,13.330633531921052,-49.41677812309957,5.098864548047764,7431.162620350285,141.37561656003646,-493.22852865604295,-393.1804140172839,-2.335912774702979,1.3379876755548181,0.05472739241087714,0.5002677424496559,0.04546539787708516
Sneaky,0.0,0.5157623309642076,472.951042610438,0.24711956885199277,0.37726742630666,0.384738185407825,292.0359751097053,9.245548542203803,3060.364055379993,84.95994590292881,-466.06893682096893,-301.9049429175137,-7.234885133455265,5180.238728949938,136.0449088557477,-382.5490632574704,-525.8088745300892,-9.789227381415415,0.9240935433538633,0.14484172002325235,0.3760446654885894,0.06981557178559171
Zeyzal,4.768407961819355e-07,0.0019531550369720208,218.5885135184614,0.09465391153078834,1.575834414449155,0.36990318831602714,101.00595502835421,1.292108470883579,2446.5070371682914,12.801570087634165,110.2300232958621,110.6620977985243,1.2177927855962882,3981.1495662961343,21.988913918456383,124.21814167086274,62.94489059282452,1.5047241003681704,0.41153424562146024,0.23224043856694088,0.03250000000000114,0.0025000000000006397
Ssumday,0.01611450409109594,6.548373399778429e-08,430.3617072579221,0.24384680123723917,0.4125991984289362,0.2397844756505998,223.69233956426638,7.655757962766576,4546.743341861354,70.09970740604217,51.057711597925106,308.04261313820444,6.028106250059833,7314.370249173392,116.92342161967075,-120.39997334789507,499.0132217818792,13.133806374312499,0.7635525099583766,0.12918218638666942,0.15708091053228457,0.017944837839491013
AnDa,0.0,0.62548828125,135.7876783569336,0.0878820287841797,0.6552531860351563,0.559601025390625,149.43935828247072,5.175538610839844,3213.6837158203125,56.4312744140625,-291.40118408203125,-136.0921630859375,-4.0242919921875,5241.199157714844,85.2935791015625,-625.1331787109375,-13.29022216796875,-4.69378662109375,0.17433132324218747,0.0552142333984375,3.3065716552734377,0.10896667480468751
huhi,0.5000002384185827,0.25001526647292877,154.51962332547566,0.09281526663701561,1.6662749597751731,0.6207023120933426,104.23053889631103,1.3440649924069292,2508.7413422624604,13.83084530372022,183.85361439762232,254.78929969393684,1.2189649529114788,3887.21905372927,23.23416816069011,368.52666775717825,437.97453528184997,3.0892165917634546,1.6651932986690687,0.16021269578695302,2.3841870825779684e-09,6.097553018058477e-18
Bang,1.6212463393117125e-05,0.00024414248764870194,382.3708871326396,0.17469526723490275,0.6264794653546297,0.34840911687646214,231.03157243981184,7.788314568057255,2934.8845477918835,73.7939038350926,-463.48162508806774,-80.96565538120836,-6.647312792362722,4986.421009444119,119.86530094637106,-687.3769771912929,15.44246372289706,-11.75424037463667,0.5165730085067122,0.18954978404727166,0.2957693588069965,0.028538377081308207
aphromoo,8.881801137660197e-16,5.705374402521191e-09,134.47050409067202,0.08425544666366978,1.162683540985254,0.33560806047037284,80.01129229616487,0.6830412617100657,2751.50043225016,6.57000976057711,70.60204689836702,182.99284395902907,-1.5917501379823837,4010.356526660552,11.485852588801876,499.6332909621666,180.5808776627855,-1.8292725067218818,0.637621965168173,0.08762057912992076,3.4332275390625e-07,9.947598300641404e-16
Broken Blade,0.0636315420297274,0.03174591099379853,576.4748195094019,0.26869475387119707,0.4641864350843942,0.22751024363203276,275.94027197917353,8.245415844366562,4916.911830693669,82.90761483968191,604.5156519368348,721.8915597512686,16.736455590651683,7372.46019779644,127.81282203716364,1392.9842050899265,591.8811446688967,16.756695368622932,1.7053059988646,0.1490544035365321,0.2703542491872107,0.05424514798352919
Akaadian,0.0004930608122322155,0.5158081222325572,220.70297422967246,0.17484396105275057,0.42990705600751367,0.348234325910285,173.0555732199644,5.879618417246195,3189.2383621625104,62.351112834246614,78.15230974158071,148.04858460317547,8.186079234222468,5184.293492566588,96.17622413322444,64.09611622510783,379.843187109718,12.072938491746413,0.44884034551679025,0.047741689581372135,3.4731706208112163,0.35295629638108156
Bjergsen,1.8626479928005632e-08,2.5849788572734725e-26,514.3267271408344,0.23774721700757445,0.3617071490088179,0.12576024251654722,309.7402058188754,9.011233856567399,4738.293996382864,87.72583292377007,267.6505889183803,30.25948567577605,-3.9655684115457936,7789.322896257236,144.84721958472065,200.89607303393038,-62.494780871228045,-8.8012631472907,4.192964824858663,0.21712916515528843,0.8965365959152809,0.10092613845317906
Zven,0.017585754409090493,0.0078125,426.0751644378955,0.24313041172272576,0.38749928734665073,0.3149568875419487,249.75194256666867,9.05132448592001,3307.6198410194147,94.93512165035352,130.5056854257837,-3.0941410770471123,9.87536446056179,5516.19574986803,144.842850288031,203.90407182218217,-53.94059161992382,6.08261058567364,1.179064707002377,0.14398813966957089,0.2180809722418111,0.04426564671962217
Smoothie,3.638422896302804e-12,3.725759256674345e-09,95.16636311729614,0.061680253575365454,1.9585458141329954,0.2838804223697561,61.886650749375654,1.0733202856739363,2414.1024268896695,11.571445198198877,-274.09055872381487,-234.8337992774111,4.299079799551215,3712.7705968956643,17.712733833742575,-1088.9860736107398,-549.9274696176961,5.170507042444458,0.006697973842307922,0.17016006073336332,0.0,0.0
ZionSpartan,0.07421875,0.0,513.0538459411621,0.2889706563491821,0.599729158782959,0.11020862731933594,256.032859765625,7.8857300788879385,4501.046844482422,75.52288055419922,311.0625534057617,33.012290954589844,0.126861572265625,7034.395713806152,122.93447875976562,819.0620040893555,-247.39939880371094,2.8143310546875,1.0355415344238281,0.09687614440917969,0.07056411743164062,0.052631835937499996
Moon,0.0,0.0,136.9106125,0.0957148625,0.30461249999999995,0.4593875,128.3241625,3.964875,2856.625,49.75,-240.625,-240.75,-5.25,4257.875,68.25,-415.5,-463.5,-11.375,0.5416625,0.052500000000000005,2.49375,0.1625
PowerOfEvil,0.0010623932031430527,7.451504305949767e-09,406.60962222773355,0.22267648498314735,0.42939446989174546,0.2593504584812204,267.8057998605789,9.540922592370638,4707.699539553016,91.63583370592511,-272.9159278220238,-35.78427244021162,3.598862694310375,7846.4519831606185,153.63149414519927,-204.4426842068732,64.03236807449846,8.615183752467873,0.6830964531879531,0.16860862430440593,0.6232631221956404,0.05195071288911232
Stixxay,0.00030517671257260237,1.525879089581128e-05,507.67747366494393,0.32295757710519907,0.39973073195496844,0.13376686923130446,229.14418963025264,8.906002990427169,3272.5062399200274,81.40078088499612,-518.9327185473477,-191.5485776204981,-14.531831903623628,5225.2254857958105,126.94492031445927,-1664.216286025977,-851.3146433575143,-25.804314978328055,0.37100352434634276,0.06900080258676916,0.3159579168006892,0.0002481835115764131
Biofrost,3.5531507544251946e-15,0.5039677959866822,119.97677377060282,0.0566385416846198,1.8217309801473767,0.4847570893872608,97.52179802443692,1.180116302477875,2648.7732881597585,12.349700619712896,-217.68432596108966,-145.11969398020986,-0.6452794961014201,3570.7677974049243,21.540921978574566,-55.48087092397486,77.23412986860426,3.712754818317381,0.4397432431940686,0.28699750154933,1.3969838619232177e-11,5.960464477539063e-10
Allorim,0.000244140625,0.00885009765625,323.146059777832,0.19040402433776857,0.42306561126708986,0.15509470977783202,182.0877763397217,6.972228865051269,4423.36946105957,73.40287780761719,-690.1515655517578,-297.9727020263672,-8.8096923828125,7419.504531860352,122.464111328125,-558.2445526123047,435.23187255859375,-0.838134765625,0.1890134033203125,0.08167343139648438,0.037150726318359376,0.000898895263671875
Dardoch,0.3283730782642422,7.659196853637695e-06,257.0478547907662,0.14956444145839512,0.23834731928619096,0.3344012146032186,176.12675598105469,6.126564114269513,3270.5025982272364,61.36094957125637,-171.05499829612825,-343.6789661607389,-4.5165981931910935,5416.244822835059,96.51554329505896,-609.4858626933794,-721.1013383319982,-10.768357402066348,0.5887429601620126,0.10841978515559147,3.641605561438745,0.42561694805489314
Crown,0.0007476825269350229,0.07031299185473472,361.3150358528734,0.290303866113794,0.4422593899838479,0.1329071665842202,184.02063237188673,7.418938303860264,4860.752895265647,91.63274948579128,3.7563969587418597,-66.33214615454922,-2.2349844177254283,7416.525550737356,134.8709502019238,-249.94444743451987,-480.02559039531525,-14.615449805442452,0.40795339227722893,0.0446038522150505,0.24197239556467354,0.0284012799839212
Asta,0.1875,0.0,466.09088125,0.301161625,0.46267500000000006,0.27301875,253.90318125000002,9.141662499999999,3098.1875,79.4375,-62.6875,-130.375,-9.375,5172.375,131.6875,-180.0625,-270.625,-10.6875,0.9375,0.051250000000000004,0.526875,0.0
Gate,0.0,0.0625,111.757208984375,0.07473945859375,1.42932421875,0.264611328125,63.52988671875001,0.994639453125,2087.70703125,12.0546875,-53.4453125,-426.9375,-1.0625,3071.35546875,17.7421875,-273.91796875,-684.01953125,-4.484375,0.05806875,0.0457421875,0.0,0.0
V1per,2.0464074885877e-11,0.6260080435604324,316.0945478103109,0.19889870602091583,0.44877599421259806,0.12778207401969352,192.71936529830054,7.402290999582315,4424.993963525982,70.59994679803009,-451.71237708069555,-336.16794300223296,-11.79142027054796,7236.132638239149,115.84679280866908,-776.1037950810013,-54.408219831360356,-12.19930077009925,0.4072187879076794,0.08140772808995697,0.07043638485971457,0.017455741061885216
Santorin,0.5332033840861925,0.004150390625000222,245.91722228190702,0.13205946628412765,0.5257820461820849,0.48830021659525896,187.35675802175348,5.766847898812902,3020.5187107981496,60.90447810720098,-120.30890362361203,-439.7076361630062,-5.356085837720035,5046.125329401985,97.72989171533166,-765.1650611368709,-861.061438521195,-9.477991188565712,1.0975801359915907,0.17695637130957692,3.329019670410095,0.1618413605021374
Pobelter,0.37503528595334856,0.07228088378909359,339.00642041552493,0.20650993920453625,0.3421260318463899,0.14910137900787712,248.0481246067783,8.928891530826007,4853.392730234542,97.89479779444417,8.671735060753335,-69.23580263023345,4.357512755958831,7599.9279196237385,151.414509604466,-308.09629993090505,-202.55140065949718,3.803877270323931,0.37644639009634107,0.1296460771259061,0.4241784039302559,0.0035521862980449573
WildTurtle,0.01574757741812506,9.094947564065537e-13,478.8186795585808,0.26906335530770353,0.2961519906673394,0.21722536095708672,294.003050976812,9.320784474431598,3194.8775515389457,89.59474342508416,374.532107157519,118.06829097648716,2.251047459964145,5712.055823599926,138.4028295404419,454.3956920793729,609.1953168562084,6.9475054226662145,2.570717392589641,0.19414640603765368,0.31886187337412797,0.05596689894267973
JayJ,1.911073923110962e-06,0.0645828249398619,105.8541462892481,0.08323866450785697,1.5237134688918479,0.19692295570343266,79.3831605354125,1.1052786733850255,2686.927139840671,11.038449099869467,5.85558101919014,-96.71877205837518,6.709120902349241,3501.9174289727816,14.824026897200383,-221.37147576583084,-542.057245251257,4.005852694157511,0.18237077454794198,0.09846412349259481,0.0,4.656612873077393e-11
Hauntzer,0.027343809606463765,0.00042772354937928303,409.51230506461593,0.24082971475817672,0.5057980641800562,0.149657826859718,196.4972224976841,7.50185528815025,4350.547570856477,73.28349316937731,-336.3218685284376,-85.26192618779402,-2.6105489939253017,6606.030915585714,114.81823321872736,-1175.4964174731658,-357.28961580394673,-8.680473908167986,0.07101787843512894,0.10462754143220085,0.1804361440470944,0.0004407773375519274
Contractz,0.12536645036405508,9.155273448868684e-05,308.53328567833853,0.16553319549509057,0.7831892233457703,0.3434024747757834,188.24905061689154,5.495949622455384,3129.064817840277,58.197752276074084,-228.61100324400564,-536.379445597498,-12.822867878784015,5079.333430225989,88.46685540275914,-430.7778027114633,-996.0134815545798,-22.140424972715678,0.8600586964418434,0.11769758064439756,3.2507903760129424,0.38582867867185666
Froggen,0.13281250024034819,0.000976681712984485,424.0650547410192,0.3504249550814284,0.47943384443179515,0.13775963633818533,248.05495737378635,9.110798082816913,4589.228611582303,94.73560832545571,-35.68946641946778,-313.4592097981033,1.1073513952502325,7741.112627420726,158.6539548726633,49.6131443788222,-480.5472866400864,-1.7513172258430805,0.7136139147674936,0.10118990734948263,0.4012408148288262,0.14063282062227417
Deftly,1.5497207641601562e-05,0.25390625005820766,636.1716623280419,0.27782820655244167,0.3948948634456435,0.43107599660066775,308.6603257082739,8.745154928913824,3292.5032147408347,78.71775110973977,450.1888396080467,262.09315972577315,25.12421053450089,5293.631566191791,121.21861144562718,128.01372850773623,118.43470282340422,25.76211587327998,4.457642378514912,0.24949598265986425,0.3446273288095836,0.1575416218396276
Olleh,4.76837158203125e-07,0.5000002980232239,138.34772083831098,0.07326918768105604,1.8431404242848977,0.29703618701405354,95.70249046925477,1.7596199027210009,2915.30737336888,15.197828371077776,83.8035588155035,6.92314658081159,9.780846048844978,4086.7876889931504,26.804495518328622,-650.4451545567717,-236.84601950692013,16.39825757453218,0.11383218810912221,0.17145864109508693,0.0,0.04
Huni,0.5001258850097665,0.015686989885638894,687.7282002661158,0.312798255092179,0.24508229522382438,0.06768830428205302,244.57985453489744,7.293410402219951,4476.720829486285,71.39925902278611,382.50079269588423,127.77893698030036,0.9625984122975055,7313.863417665461,112.05267621555521,495.4688391149589,-87.7062133128083,-1.1298638281984617,1.6151509738525651,0.19060551783549728,0.1350536044458308,0.029054146978827952
Lira,0.3906250754936025,0.0014724731446520423,179.81724817685065,0.11610530364971089,0.8735838293841902,0.5052653922968948,188.891272040195,5.358419647355818,3594.8852663279945,63.92300329567888,227.07783104358043,227.31965233621386,4.4506898121828655,5667.832885346673,93.65910927961643,-25.3795241765348,1.2942934420715915,-0.326331905674774,1.4007323848665612,0.04857165630445623,3.271183294186766,0.06025456253307663
Damonte,2.4868995751603507e-14,0.031250953827111516,478.68940568414837,0.2831350994684327,0.448088657786825,0.1024802775804192,250.67881367710734,8.587528145758125,4353.680549047323,84.87728833108201,-104.95365128872432,-553.1756207607107,-5.039137880225548,7006.389509060133,136.3648266996476,-763.3166818791053,-846.4843132080512,-9.856203370653526,0.8598518867628289,0.0729470934184603,0.5343264516016242,0.03479205742904884
Piglet,0.0009765625,0.0,562.2395319213867,0.35103514993286133,0.35353392486572266,0.21181455154418946,240.22447262420656,8.499453014373778,4422.465362548828,88.51904296875,-47.97637939453125,-139.4247817993164,-4.158943176269531,6998.6134033203125,137.71270751953125,-432.9535140991211,-264.272705078125,-11.586509704589844,0.7696480834960937,0.06119705200195313,0.45705833435058596,0.027761993408203123
Vulcan,9.09605724287149e-13,1.1920928955078464e-07,141.19596598523475,0.0799560611075087,1.4895633616923547,0.18587426116367983,90.0882061785644,1.10296757535331,2730.6311016031455,11.218568951269612,-36.47675378224629,200.89830464235675,-2.870700905069617,4011.194400230052,18.723306466763013,34.86210578388267,148.70794534263496,-7.347051137320422,0.28994009958166866,0.1726052320302637,0.0004102134704601212,5.456980353701901e-14
Solo,1.1924613163571973e-07,0.3208312990610125,514.5242478023999,0.3003972808920774,0.36234067886063825,0.0867178015301165,253.69624313943697,6.755238212850107,4199.27348941355,66.57768015664556,-618.6633968510507,-731.4436584784464,-16.719341852393406,6790.9521296480125,111.86238212867347,-1394.0143118755823,-597.6991841985716,-16.180529798246184,2.111963997957904,0.06970223118516486,0.11294709531035436,0.011328581927147006
Rush,0.125,6.300210952758789e-05,168.06839736736418,0.07974206542577744,0.5797545841515065,0.3783758300185204,165.66994099160434,4.514535113692284,3232.5539516806602,58.105045437812805,-72.10948252677917,153.27620148658752,8.912493348121643,4905.412249982357,81.03477209806442,-196.56494987010956,-256.62158846855164,6.341662764549255,0.24689026960730553,0.16326810002326966,2.360383819937706,0.2761868894100189
Fenix,0.007874489762230041,0.00598168629268514,513.7855055460883,0.2813422987267895,0.3109063086942957,0.09938361432632674,212.51648980977404,8.212701293725628,4759.7641967972095,92.03642874926416,-286.40352533240616,-98.7283595651674,-1.4148499072095433,7486.5821454668,144.21138230782853,-718.0532189646879,-375.88324712369433,-4.9466608625405115,0.8894318875516818,0.05362668749512233,0.4404458651064177,0.02163752985983107
Apollo,0.0001220703125,0.2543947128583852,575.5350027026623,0.32453921038730194,0.4378718599515864,0.3187809700820928,254.89948584021144,8.86076943183686,3248.7335285710997,86.45853290449844,137.23837517005632,-58.40927427556127,0.4639201090275149,5402.624811933289,135.49292726354645,444.3418861178516,127.56185982852665,2.5787452104156543,0.34099448129575294,0.0730455775845307,0.31014317127073193,0.006701638751251999
Hakuho,0.001953139901161194,7.450591255173285e-09,122.19101850818603,0.07152155513989822,1.536196544762593,0.3525521581367802,74.00196204796242,1.0553992887908425,2630.171742548606,13.682067137647389,77.26321973343147,214.8782033826389,2.6445354596570727,3559.525845154484,21.762206227871157,167.56102813684177,-98.79668444963816,2.459652607728783,0.0010611305886806734,0.09221047114974631,0.0,0.0001953125
FallenBandit,0.0,0.0,176.222,0.11856,0.2837,0.0448,104.4699,3.778,2343.5,42.0,163.5,9.0,1.0,3738.5,68.0,294.0,-96.0,2.0,0.125,0.0,0.0,0.0
Wiggily,0.031254293047830346,0.06276071071625111,282.30375805617894,0.16717881533258172,0.3390606567622303,0.4002647705895628,195.25932858631822,5.573586972671834,3189.5564771367995,61.44412338585717,-106.08552616048844,-287.583260128642,-3.036828125450964,5685.017047967871,100.00057605302143,-214.78309353865635,-142.49209543847792,-2.1011828484219994,0.8286321066211584,0.0691055389222487,3.455655318236002,0.16831249950014943
Dhokla,0.0004887580944341607,1.5306053683161736e-05,237.53124795228044,0.1616935722904276,0.5507384597998315,0.15797905380907434,215.80276715810254,7.42913114999431,4416.377255120409,70.52372004154313,-604.9765819026106,-132.77262762435566,-12.305948283981706,6900.776634354996,114.39875307036709,-642.9942229216831,-138.39756864147785,-9.909272042583325,1.1307013233389378,0.07225751079640759,0.19225239920669993,0.0814391814940609
Meteos,1.082225939114383e-06,0.02002334734425016,216.48895378416668,0.09790716158727955,0.22120672239522887,0.4140026675925838,182.78513346881823,5.187658738050004,3323.9258457043074,63.84426482259022,221.71002035384305,379.67836343626186,6.231843560244933,5516.783746921683,102.947970578503,279.0496240957205,685.7848986746767,16.36736484581846,0.41356254039001356,0.14972749625867726,2.377724188414259,0.707876908709126
Arrow,0.5020141638815403,0.0,471.15780028068116,0.32520059311420935,0.49549493065589484,0.3836431506435838,305.3191325122746,9.17980510342463,3308.043374551955,87.27798316838744,654.3214712508343,203.68021415293333,11.163312590302667,5866.709107428149,139.27216034938465,1026.521208781909,373.3635188814951,12.90613654347544,0.9550063796977163,0.0911343910828873,0.35315314928651786,0.06736848594184267
Big,0.0009765625873114914,0.05493927001953125,157.58018563036453,0.10743655366436362,1.4505016799545936,0.5168100990564868,111.52985345403218,0.9533529260704774,2932.0560933339148,3.020610778577975,240.37664744908398,313.9574390522903,-4.472197410679655,4048.795908408545,8.530740126108867,274.7917705561995,275.88756094321434,-5.227707296799053,0.14091580176081916,0.11094565614912427,0.0,0.006875
Special,0.039062514901161194,0.00025177001953125,410.18804127509065,0.2513400394125443,0.4214397921205498,0.19050271894540638,297.29729996652816,9.504498908565939,4865.143218507059,94.56442531850189,217.83908517006785,46.53823020774871,2.6417114064097404,7764.066468250938,149.89629299286753,312.2640958400443,14.410986297763884,-2.217880708165467,1.5586263265810907,0.1039739300403744,0.38043602590449155,0.011834132894873619
Finn,3.8623810979965256e-05,0.000976808605649648,357.62857510402824,0.2588576767455063,0.43082800113282593,0.11330273416603255,209.94203912670702,6.229684441362392,3918.49808038405,47.41000029666586,-910.0759866277126,-668.2151647765133,-30.835507735151545,6107.040263083859,81.43339562152337,-856.7851103813719,-791.2311650018203,-40.1969338674107,0.653993631282558,0.15782327828559878,0.2702287623384248,0.0022183038478768642
Vander,0.5,0.002441406781145364,111.36943142080625,0.07984519553622633,1.643327870256605,0.22729300144218623,85.94074596237479,0.8856302123880733,2101.400974220146,11.547714345291293,97.06785443172147,-114.75324221083312,-4.39300750981895,3088.8249358213197,17.754357545973726,83.97702101759229,-261.93918966147424,-5.31704044720961,0.367318929455837,0.22570326876368962,3.495870259939693e-12,0.0
Orome,6.484988261945546e-05,0.5000002403977888,574.1957409210569,0.22308179076427118,0.30964147010104015,0.10179233127931568,271.94413312655774,8.115380585334306,4336.222386270416,65.46983076404427,-123.48404186304256,-135.76931132583385,-0.21587416157329997,7073.977752166037,116.2954456627044,150.28786624747227,-43.70932365707952,7.255176879693803,0.9823619329271104,0.13500084268215845,0.17274789409608893,0.005375781362382935
Saken,0.125,0.00146484375,512.1539638671875,0.27215117187500004,0.5077573364257812,0.1281188232421875,263.6437667602539,9.05684490966797,4604.2825927734375,89.0828857421875,-10.825439453125,-298.889892578125,-8.0531005859375,7073.4744873046875,131.028564453125,-169.1773681640625,-632.8865966796875,-18.5040283203125,0.623713818359375,0.0913671875,0.47514526367187504,0.025
Blaber,0.25396786633078783,0.032226566691634595,355.6250409198167,0.19740884599461134,0.297228823958621,0.28632585602933897,230.31788489598694,6.497493365773037,3416.2058605097045,65.3225581428719,-254.62088268939613,-451.05573227828,2.146337388036441,5817.992696117135,102.18825174348481,202.82089447181278,-112.59101874727327,5.548628193063096,1.3855528206885654,0.1591658188592876,3.972559793969695,0.26884121241459236
Panda,0.0,0.5,146.472215625,0.10254856875,0.628340625,0.3535625,139.73136875,3.98285,3020.90625,51.4375,-453.09375,-107.125,-4.03125,4944.09375,77.09375,-873.21875,-444.5625,-8.28125,0.166675,0.1640625,2.1118750000000004,0.3803125
Mystiques,0.0009765625,0.3130035400390625,431.0591088447571,0.19210149143829347,0.8886475898742675,0.18927689743041992,196.25714681777956,3.1025879333496094,2949.5499877929688,26.546478271484375,-587.2777709960938,-522.7130584716797,-12.756919860839844,5102.311782836914,50.97889709472656,-298.4819793701172,-169.43374633789062,-11.007080078125,0.5266538246154785,0.15860839843750002,0.24,0.0
Auto,0.0,0.5,294.648725,0.21492725000000001,0.26015,0.21235,169.04645,6.3877,2281.0,59.25,-223.5,-59.75,-4.25,3699.5,92.5,-738.0,-271.75,-13.0,0.166675,0.0575,0.19749999999999998,0.0
Soligo,0.015625,0.125,540.166591015625,0.377891439453125,0.4194265625,0.291137890625,255.234334765625,8.9272044921875,4607.056640625,79.50390625,-570.478515625,-206.8984375,-14.1484375,7272.90234375,129.150390625,-885.00390625,-549.5234375,-20.552734375,0.7337265625,0.065859375,0.31171875,0.0
promisq,0.0,0.0,78.1089,0.041040625,1.3187,0.4132,75.55607499999999,0.902425,1957.25,5.25,-137.25,-135.5,-1.5,2955.5,9.75,-584.25,-466.75,-5.25,0.1,0.1325,0.0,0.0
Goldenglue,0.128936767578125,0.008796766403975198,651.855076250097,0.2850750885349592,0.5183691627178619,0.1912321454143769,300.2968997180477,8.939833963458797,4710.966238182525,90.09272380217408,-23.30399167861583,-93.97514015966499,9.528590325364576,7760.468011165094,146.01290464618387,-221.02517054365035,238.02808142291678,19.41996642417348,1.2262474926816478,0.17989576567507812,0.9064500089078933,0.31405400203758516
Cody Sun,0.5000000004674805,2.288818359375e-05,545.5663419090143,0.2789241584544977,0.3429443744022245,0.20576973250498293,239.10598459828495,7.636810030700146,2953.4980286759715,71.6157916250329,-146.9606243267113,-151.36608860487195,-10.888905177924205,4906.495728503696,119.8729908321526,-436.91662631596535,-202.483488133187,-9.996809039913487,2.0109588454468614,0.0959106573195673,0.34412297675531667,0.045009827261118865
FakeGod,6.103515625e-05,0.000244140625,350.2028263366699,0.1838402281417847,0.5483806777954101,0.2165404235839844,219.9774526489258,7.406893862152099,4735.47509765625,79.58235931396484,151.69031524658203,168.22547912597656,1.5497055053710938,7100.772926330566,122.59297943115234,88.43109893798828,113.85797119140625,-0.32262420654296875,1.0354621154785155,0.12388046264648438,0.07033111572265625,0.0371875
Fragas,0.0,0.8125,211.13628749999998,0.13748214374999998,0.30246875,0.28559375,139.09911562500002,4.695840625,2870.0625,55.90625,-674.75,-538.59375,-8.65625,4732.5625,83.625,-1480.0625,-968.9375,-15.84375,0.3053625,0.063125,2.940625,0.4225
Stunt,0.0,0.06274442374706268,101.94398825731102,0.050559689768010084,1.4088374475003627,0.2560854113212554,87.79267501100858,0.9716597729227447,2527.1674132065964,13.878585948987165,-115.78461212859838,246.4985590588476,1.5174741856462788,3813.7030405833502,23.20147436505067,-365.7370146183239,94.30839110410307,4.790823728573741,0.05193799805944146,0.19162228530243736,0.0,0.0
Kumo,0.5312500151339918,0.0626223110666615,379.23027320063704,0.16082835700365747,0.46616624615422364,0.24609860481925083,246.73078869224264,7.421612089873357,4142.346905492253,74.78402477615339,293.61688346487205,124.9082984390194,5.295400743856305,6660.4374489073325,118.8577742549702,151.24929530065668,107.60502294096085,7.0875097021715305,1.1879161066094164,0.09931292063978617,0.15109285131826142,0.13323806312020905
Keith,0.0391845703125,0.0625,84.04457828369141,0.05022693410644531,1.3906403564453127,0.280309765625,80.04116217041016,0.8168806518554688,2526.1846923828125,11.593017578125,-473.10791015625,-274.1134033203125,-25.87451171875,3504.8486328125,19.07763671875,-872.4554443359375,-996.2261962890625,-41.1602783203125,0.15169677734375,0.11570068359374999,3.2958984375e-05,2.0751953125e-05
Diamond,0.0,0.0,54.1728,0.032012650000000004,0.6098,0.0847,98.6053,1.2366,1712.5,8.5,561.5,448.0,6.0,2902.5,16.5,955.5,894.5,13.0,1.0,0.22,0.0,0.0
Maxi,0.0,0.0,129.3243,0.05895,0.11185,0.0839,102.45575,2.48835,1655.0,28.0,113.0,165.0,4.0,2835.5,40.5,213.0,177.5,-0.5,0.75,0.18,1.595,0.155
Ruin,7.479684427380562e-09,0.0004883147995129811,384.5726096113177,0.24826189052042696,0.400082276533663,0.08239492955564143,236.0044426956965,8.138379763054077,4524.694242199697,79.03732475801084,76.16136357505124,248.3414996511367,9.901587474036988,7023.464503119609,122.23679899609196,-299.83559117019536,64.73891264751293,9.526209236961765,1.1286746763290256,0.07602165321707205,0.09189746213816354,0.06269200702141722
Amazing,0.28125,0.5156269073486328,194.20620183944703,0.10204395524044037,0.33533756027221684,0.3727932786941528,161.64970362567902,4.624432601928711,3378.8846530914307,55.895803451538086,-115.82705116271973,114.82858467102051,-0.9677448272705078,5653.561557769775,84.58081817626953,-50.3366584777832,383.84825325012207,-0.9934062957763672,0.46716045227050784,0.1508304214477539,2.386503868103027,0.4873297500610352
Yusui,0.0,0.0,310.16770625,0.17287249999999998,0.39920625,0.27378125,227.973075,7.5946375,4496.375,81.875,152.625,3.0,1.625,6887.0,130.875,154.8125,-60.8125,4.875,0.7270749999999999,0.06,0.315,0.0275
Lost,0.0,0.25,461.26514999999995,0.256194625,0.35521875,0.310825,251.92122500000002,8.61335,2970.25,73.5625,31.3125,15.75,7.6875,4668.6875,118.875,-304.75,-355.1875,2.625,1.0416750000000001,0.09187500000000001,0.39375000000000004,0.0175
Grig,0.0673828125,0.0078125,123.65090991668701,0.11174912954101562,0.4717290832519532,0.32352281799316407,139.68800667266845,5.021455142211914,3082.075241088867,60.98484802246094,-103.51667785644531,-152.80682373046875,-0.679351806640625,4963.4976806640625,95.06100463867188,-231.11907958984375,-84.83778381347656,1.4786834716796875,0.534383139038086,0.057187194824218746,3.21027587890625,0.184287109375
Inspired,0.04712018558348691,5.684341886080802e-14,271.0397384248746,0.19892715318173385,0.21687879460117498,0.28207086284297855,196.32497351878737,6.112747458190181,3453.643311217185,64.30102042609468,227.9205341761629,370.99307954652545,10.223598064007799,5862.588653522151,102.87708061834459,164.647871062729,260.1064363499803,7.031638926822479,1.5877231144448227,0.17194714454778764,3.332152690930874,0.6823619582988667
Larssen,0.06652832403960929,3.933907010034168e-06,317.126269997395,0.22309350447551274,0.26020073794373133,0.14343794731254014,253.17896511711723,8.18687726294992,4599.088275847989,80.95803581866458,293.23767340871086,174.6630934167685,2.594505145446702,7244.330863242186,130.7862266893041,143.9335566614103,113.82419940779499,0.8529341223271576,2.1985490857108676,0.0982229338856733,0.5799873319507891,0.034517451823418935
Woolite,4.291534423828125e-06,0.0002765655517578125,441.22306451796294,0.2514676379469633,0.3433354491353035,0.3917931273698807,271.7945218735814,8.657577699649334,2953.25345659256,81.18467175960541,-157.53685414791107,-298.00340592861176,-5.349834322929382,4951.648281335831,126.5961765050888,9.951388001441956,-669.7722562551498,-10.503012418746948,0.8731341721057893,0.10241585731506347,0.5716259479522705,0.05680337429046631
Sacre,1.1944212019443512e-07,0.0001221001148223877,510.7236038443267,0.2545440317573926,0.47110113784350105,0.2501125533855113,303.6201991986552,8.373022462053166,4565.819809122069,75.77683104859898,75.91338899941184,-110.43972870940343,-0.8144346491317265,7518.463181607483,122.91105503763538,250.64315381634515,227.56065741716884,3.235910312156193,1.3423620097036357,0.18254147730069237,0.14641292770043945,0.00039129942655563354
Trick,0.2500048354268075,1.9567778508658104e-08,223.7438255056468,0.1281981624211393,0.3318425935811135,0.25153886605525255,151.94875925406848,5.000578224460878,3408.759517527563,65.64551241513792,100.07705721176116,108.29334340232833,4.671260027498248,5047.1295089450405,93.0529776100589,-199.84440714857715,-253.3867585896122,3.0812827357952095,0.4781300943096499,0.11651056591127028,3.192816334451507,0.07423582392744289
Hjarnan,0.0,0.0,277.4331,0.2368999375,0.3003,0.233325,223.3381125,9.20398125,2990.125,78.125,-147.75,80.3125,7.625,5115.9375,126.9375,-1164.875,-311.4375,-0.375,0.328125,0.05,0.489375,0.0
Kirei,0.2540283203125,0.0009765625,460.3777418212891,0.24823372753906248,0.83869130859375,0.47111718750000003,211.0777843017578,3.930827478027344,3093.5860595703125,49.4736328125,-89.8624267578125,-308.61083984375,-14.69287109375,5061.2357177734375,78.6641845703125,247.517822265625,112.67724609375,-5.990966796875,1.8813806640625,0.18730712890625,2.4303295898437502,0.041391601562500005
Mickey,0.0239715576171875,0.0009766221046447754,548.6025056156672,0.301246207741935,0.5429233387051616,0.23154407401685603,268.1409437013314,9.131044308301842,4697.572311226861,89.27628721029032,-187.84212893026415,-131.49049119732808,0.7967337371082976,6894.7604073095135,131.04408766853157,-62.25222849275451,-794.9461515329313,-6.066385440877639,1.291155531377648,0.03043703775620088,0.5923795759771019,0.003294573714956641
Ryu,0.0703125,0.0001220703125,519.8327846099853,0.2946596621704102,0.45267577209472654,0.271253759765625,233.61113343811036,8.296593182373048,4661.451416015625,81.42507934570312,-95.6107177734375,10.331512451171875,-2.46673583984375,7324.775451660156,131.46926879882812,-232.8292236328125,-163.39144897460938,-8.266845703125,0.9880014892578125,0.09113037109375,0.3851861572265625,0.113538818359375
LIDER,0.150634765625,0.0,406.6034616699219,0.21990186865234373,0.3697135986328125,0.1501322265625,303.9653092773438,9.645634399414064,4364.73046875,82.14501953125,-72.90576171875,-217.813720703125,-2.411865234375,7135.73876953125,136.323974609375,-802.473388671875,-388.92333984375,-6.337646484375,0.7740480224609375,0.15897216796875,0.4609326171875,0.11988281249999999
Scarlet,0.0,0.0,456.179125,0.23098950000000001,0.31732499999999997,0.13822500000000001,184.01024999999998,5.9035,3488.5,65.75,-212.25,-239.25,-2.75,5426.0,102.5,2.5,-73.0,-3.0,0.6875,0.0525,0.24,0.0
Lourlo,0.0625,0.133056640625,299.1189060302735,0.1762366761230469,0.44074916992187496,0.0795292236328125,217.74469665527343,7.4125310546875,4514.582275390625,65.85546875,-81.971923828125,331.126708984375,-7.09521484375,6938.275146484375,107.15234375,-557.720947265625,190.621337890625,-13.44384765625,1.4124265624999999,0.28369384765625,0.061083984375,0.0
MikeYeung,0.0,0.033203125,143.6492326171875,0.082417240234375,0.44169335937500004,0.4090578125,153.2609080078125,4.0181265625,3097.974609375,57.888671875,-434.744140625,-433.46875,-4.12109375,4868.490234375,82.251953125,-436.267578125,-707.203125,-7.548828125,0.334639453125,0.14978515625,1.85939453125,0.22388671875
FBI,0.0034180898255727343,3.0734099947752475e-08,412.26682850827444,0.24848090901878395,0.4456016788917603,0.35973588902019404,272.32017695784464,8.689052734859896,3237.7145668374214,86.24737299136008,265.8286442960232,-125.32125531655711,7.643490695076778,5349.2999944635085,133.7633850641727,526.1647436364615,-465.79739307099703,10.426187463096054,1.4412862872256682,0.14403290737254848,0.28578371664013846,0.17889411942950464
Dan Dan,0.001955062267370522,0.12568712607753696,371.29413434495854,0.17449320380796726,0.45200646891955415,0.10685417601754998,222.123289665894,7.068546629620865,4285.830179095379,72.6017139903224,-378.28699470606546,-370.29627426431307,-8.510017226947909,6998.20873240554,122.008035671206,-283.62309315701395,-291.31136146072214,-11.933116813711205,1.0318896116766658,0.10818477192250305,0.2574268165825606,2.931152764841016e-05
Neon,0.0078125,0.5,401.1530695034463,0.2315419040284194,0.2527994179364294,0.1943329757839441,250.10962775189392,8.232927864384651,3319.8668729029596,72.61785858497024,-558.1642799563706,-18.705095544457436,-9.62955717369914,5206.5230702757835,111.4268016256392,-1378.514703411609,-531.6624341905117,-18.869721733033657,0.7637680843763053,0.19885380912572145,0.5774251417443157,0.006810076236724853
H1IVA,0.625,0.0,184.32261445312503,0.09642120039062499,1.47125390625,0.3288140625,144.727483984375,1.80288046875,2653.60546875,9.77734375,23.44140625,210.84375,7.45703125,3764.78125,17.87109375,42.48046875,84.71484375,13.3125,0.245349609375,0.267109375,0.0,0.0
MagiFelix,0.0,0.0,335.1781,0.239353,0.24085,0.10535,150.0903,4.56095,2169.5,44.0,-52.0,-212.5,0.0,3217.0,65.0,169.0,-356.5,0.5,0.25,0.0,0.195,0.0
Jenax,0.0317692756661927,0.13295176837709732,355.25547051343426,0.19894389036596832,0.4269933520333863,0.20506116898555796,213.402104299872,7.245981793234606,4130.58998114196,71.57450241755055,-102.05807065498067,-264.82665196379753,-3.0322222455104964,6759.090472842679,111.97087451763969,-678.24694011262,-63.355507366101506,-5.417933340016333,0.7567614780087404,0.10243144093211441,0.15057378984570505,0.00035436401505648977
Spica,0.2502632458129028,0.12500101467597347,325.75488078841977,0.1490026119081387,0.33332857676576466,0.6142925300813098,247.19774460904915,7.173614918703786,3458.3671729875487,66.21250379018065,98.04628572518914,439.24758715668577,5.427130106493237,5928.705728569426,107.40424608815425,738.6472614220129,881.0119503628789,9.711311913312542,1.9065356143856822,0.17080023204089506,3.181953360682622,0.6918599716398901
Doss,0.03125,0.001251220703125,101.03605811157226,0.06950686106567383,1.8375697357177734,0.27258241271972655,64.89146388854981,0.8666129791259766,2628.3230590820312,12.267486572265625,-25.838775634765625,11.329742431640625,0.1737060546875,3958.6304931640625,18.79571533203125,-13.84234619140625,15.156097412109375,-0.475738525390625,0.05732822875976562,0.12890045166015626,0.0,0.0
Shad0w,0.01684585261006078,0.13282781840827362,391.33298287551725,0.1690394231129625,0.46770131667491355,0.30003533068808985,194.7873813591923,6.024078232197452,2743.1539712187396,50.43679946648573,-960.6212273961767,-1126.3858605764085,-21.525843099368274,5115.310268051663,92.64155349916656,-1462.3277588286066,-1342.1903240444292,-16.79175564911431,1.0563297336310238,0.13761464705672535,3.2218567168157026,0.7226432040105633
Carzzy,0.03125000466025085,4.919711504847157e-07,720.9931809182239,0.292143543809523,0.44805175430996746,0.32067035138945765,252.7738314919726,7.917411922526993,3252.5369812030626,86.24429737847879,429.98653508156025,268.46341870730106,16.079553842466172,5426.575060233603,135.91386668312802,430.27213760298355,590.4678266194528,25.560812812464636,1.3498790177501538,0.1941269992477166,0.37152539086326086,0.004490895383303767
Kaiser,9.536745447791262e-07,0.003906250000003553,174.95607812157388,0.07311896709888033,1.7835422654063833,0.26668905296624046,86.37686247272887,0.9285078708308456,2544.4546066234434,14.103948998374742,143.1509451297489,131.42971798945962,0.5014297836419429,3656.7091111339005,20.633084520594053,-73.60770036502323,-40.74195820489979,-1.443897467132663,0.14653396036682742,0.24233947886968102,3.486878995317966e-08,1.147856778516143e-09
Razork,0.06250388364423998,0.019531250931322575,284.3634807365921,0.1328406386535972,0.3864827871325816,0.46258688982403157,169.52513256307455,5.010701948177003,3388.168109060247,65.98496736034213,367.4692307208725,391.1921548198061,16.139963407081268,5545.119837343785,102.31764292158914,717.2071075541917,800.1829456418072,23.505147767857125,0.4285198194573481,0.12266920339613534,2.8056850642119024,0.27622104598905023
Bvoy,0.3125,0.03125,549.2244970535994,0.2822440650528908,0.3959201384544373,0.4091598444700241,274.45536429481507,9.763905240297317,3129.644814968109,87.45914769172668,143.29083037376404,-270.40666580200195,-2.6500351428985596,6076.142224550247,149.82336831092834,464.51109623908997,341.4563388824463,9.080405473709106,1.0440457510471344,0.10035905122756958,0.8009541058540344,0.001340761184692383
denyk,4.76837158203125e-07,0.5312500223517418,145.83912631587464,0.06756884253821299,1.8503608965300025,0.24097832463532687,89.91577093503102,0.939084459079802,2669.048276551068,11.765639424324036,-229.47451069206,358.19859316945076,-0.9246347844600677,3963.8206778392196,17.790697067975998,-303.03154180943966,468.53976713865995,-1.8252495601773262,0.2353276611328125,0.2177893578261137,0.0017187500000000002,0.0
Gilius,0.0026369094848632812,0.1291522979736328,233.31451050101816,0.13569436348388195,0.5211593330591917,0.19408854900598527,185.52480919041335,4.852422777944803,2957.323218435049,55.3459547162056,-107.4221662580967,-204.18931952118874,-6.264899909496307,5096.059161573648,81.06377473473549,-267.5828076004982,-378.6749508678913,-17.870638817548752,0.8129463368177414,0.13486519306898115,2.807779287099838,0.35109057009220124
FORG1VEN,0.0,0.5,341.95063749999997,0.24141896562499998,0.341484375,0.3813640625,255.03971093750002,9.84903125,3179.359375,83.0625,-337.4375,-98.265625,-1.234375,5101.796875,135.375,-522.828125,-648.265625,2.34375,0.25909375,0.0621875,0.8289062500000001,0.01515625
Destiny,0.004150390625,0.0004959404614055529,91.51618313737659,0.07235077775478421,1.8869951177412663,0.40611050833433854,68.24682824023384,1.0052409633060169,2624.6466967452616,11.797745202989972,-115.66341661629667,193.90886154299005,-4.7969006986513705,3636.664515353521,18.695500507821635,-169.86305735601672,-63.95736665631921,-8.817298203677638,0.10316062945996818,0.1210325103600917,2.13623046875e-06,1.190185546875e-05
Skeanz,0.0664675235748291,9.5367431640625e-07,226.23948308983444,0.11360326439338028,0.3881497267961502,0.33968111428767445,141.40144324298353,4.426822130119801,2743.344164609909,52.29395180940628,-309.72674338519573,-483.2834206968546,-10.8441172093153,4370.257292792201,81.42674939334393,-834.4346143752337,-1064.8759634643793,-17.734118834137917,0.6919481047153473,0.17357417106628417,2.3991899479925634,0.30439675390720367
Comp,0.5000326680019498,0.015625059604644775,803.532306445853,0.3934836204434181,0.3678114257021021,0.36472111555200826,331.8186031952124,10.266628021130618,3775.8540666858025,93.66386524640257,161.0444775421638,607.296564731485,5.6900814635446295,6252.787541269528,149.28836634993786,131.07993501325836,1119.787060717441,11.134793668490602,5.253607829537289,0.15839300340507179,0.7004470083583146,0.11969648913946003
LIMIT,4.69299266114831e-10,0.06549847137648612,187.04693615242724,0.1085757628638562,1.588679475223469,0.24558742834878539,80.75734748196217,0.453305285810697,2628.9427105741634,3.9938480723212706,237.8942231778601,504.7848656429924,-6.487888327737892,3839.493357946223,6.276834761225473,219.85159556703002,431.11080952137127,-11.759394539283676,0.007886241294101273,0.20377538940374507,4.172325134277344e-09,5.859375e-05
Shernfire,0.0,0.25,192.6747359375,0.13762835625,0.418075,0.3450890625,169.05361249999999,4.7654375,2691.296875,52.296875,-181.9375,-157.203125,-2.40625,4426.109375,80.828125,-452.078125,-542.296875,-10.078125,0.98699375,0.10812500000000001,2.8004687500000003,0.186875
Johnsun,0.03125476976856589,0.0004883110523223877,454.4354556403897,0.285931777718618,0.40499866938962004,0.2914538960494605,260.1227041255165,9.481149911625813,3256.4283268378413,91.26960372942085,223.18878055532605,134.6239807998345,7.3005597597739325,5658.9294215734935,140.6990183406706,239.47266656303418,67.40146704388007,-0.8612859463082714,1.4206854600594596,0.09040470604398253,0.18406129253158726,0.0038743223338497043
Ryoma,0.06543350219726562,7.105427357601002e-15,429.8362670821691,0.22745648945595232,0.34895740617931376,0.1145095868251847,217.8192015194781,7.7862160308236135,4767.985669152446,80.19377582773019,-325.01243257306385,193.4767589956623,-3.427251122156356,7226.831805482677,126.24041777235306,-790.3069451849177,-268.4196997760424,-10.232162511364823,0.8495706711321669,0.09503561502004927,0.18870719101232125,0.021878050500918605
Closer,0.0625419653961874,0.1250019222497949,225.11229432723974,0.13473904099069203,0.21775138475846534,0.3728294704110683,167.3718353003852,5.339692010307788,3035.907487400079,57.955585371771534,-273.8236353437221,-547.2908047747503,-7.585662898717788,5073.182559340031,91.99388913894884,-739.632219945389,-1008.7761583833287,-13.108499407263324,0.4799649604112439,0.14535782353450016,2.8980904786950017,0.29619798331204145
Eika,0.0004887580871582031,0.0019559860229492188,451.30727665934563,0.30050811667013166,0.5130816943645478,0.21403197050094602,233.02320032410623,8.933231108379363,4793.226402759552,86.6290283203125,-87.86332893371582,-31.079237461090088,2.8571319580078125,7804.600784301758,140.7039737701416,111.41492414474487,355.81453466415405,3.4962401390075684,0.5527382759094238,0.023513150215148926,0.41100751876831054,0.06774308204650879
Altec,0.0,0.03125,376.39241040039065,0.2516463822021484,0.40274544677734375,0.17564718017578124,226.10666751708985,8.918713513183594,3490.18310546875,86.6865234375,-4.1478271484375,275.8062744140625,1.17333984375,5411.7872314453125,132.1109619140625,-230.8294677734375,-10.878662109375,-4.2489013671875,0.17567691650390627,0.013737792968749999,0.37537841796875,0.001309814453125
Lurox,0.064697265625,0.0,122.21852136001587,0.0961961523300171,0.43209259719848636,0.4352199867248535,129.51932059555054,4.817422296905518,2956.916213989258,54.98420715332031,-211.38754272460938,-327.74537658691406,-7.100212097167969,4747.518409729004,85.50476837158203,-636.6089859008789,-604.9866027832031,-15.455451965332031,0.280678141784668,0.04593704223632812,3.0381571960449216,0.2080523681640625
Innaxe,0.0001220703125,0.002197265625,713.3466213195801,0.37886538354492194,0.33902999877929685,0.36634584350585936,267.9853217651367,8.441500708007812,2855.3291015625,72.52313232421875,-348.60162353515625,-247.24176025390625,-16.14825439453125,4820.4693603515625,119.49273681640625,-996.7340087890625,-363.5098876953125,-23.2989501953125,1.273516845703125,0.0697454833984375,0.5033404541015625,0.01096923828125
Steeelback,0.0,0.0,105.842172265625,0.0449390359375,1.810976953125,0.207372265625,81.126562109375,0.716780859375,2121.5625,10.16796875,-144.15234375,-882.39453125,-19.01171875,3196.3984375,17.18359375,-586.97265625,-1790.125,-38.10546875,0.143229296875,0.3425390625,0.01125,0.0
Tactical,9.778887033462524e-09,0.3125000298023224,443.0151337933481,0.25656582156888863,0.41549514452200387,0.34814726608132474,280.4165505681594,9.332606008802912,3406.031916317297,80.05029870127328,-179.10197643539868,201.66205332800746,-5.014557416550815,5437.786681754049,129.530381440185,-85.16297978325747,-154.5024612650741,-8.965077366912737,1.1332824761215599,0.1879669355764054,0.3923352952557616,0.08944786326261238
Selfie,0.0,0.125,643.7503875,0.284838359375,0.29771718750000004,0.232596875,261.86417343749997,7.8719125,4216.78125,72.625,-469.359375,-397.09375,-8.96875,6805.484375,119.984375,-766.953125,-853.609375,-21.5625,1.41640625,0.1459375,0.7168749999999999,0.0625
Wind,0.0,0.0,186.5668,0.1403135,0.1037,0.0691,91.52075,3.78455,1503.5,41.5,-45.0,-135.0,-4.0,2302.5,61.5,-577.0,-653.5,-15.0,0.16665,0.0,0.0,0.0
Ventair,0.0,0.0,198.28795,0.16561025000000001,0.320875,0.030824999999999998,173.30595,6.019575000000001,2899.25,47.25,-447.75,-506.25,-17.75,4870.75,80.25,-830.25,-643.25,-24.75,0.625,0.065,0.09,0.07
Nji,0.0703125,0.125,140.02479667968748,0.08886675058593749,0.6126685546875,0.2954728515625,156.87842421875,4.7325958984375,2854.275390625,52.138671875,-241.712890625,-272.06640625,-8.912109375,4704.939453125,83.50390625,-165.47265625,-274.37109375,-11.115234375,0.0859390625,0.13154296875,2.68013671875,0.19060546875
Milica,0.1259765625,0.031314849853515625,485.91465335578914,0.2577476942100525,0.4090085983276367,0.2924158103942871,264.5990379608154,8.621341083908082,4708.008277893066,88.65970993041992,-101.75587463378906,-140.05117416381836,-6.918853759765625,7406.380432128906,142.29721450805664,-429.92861557006836,-365.5133361816406,-13.253314971923828,1.8713116577148436,0.14610786437988282,0.9341400909423828,0.0722088623046875
Labrov,0.0078125,0.00196075439453125,121.44617479095459,0.06038998681640625,1.7393100910186767,0.39551509017944336,87.87780864715576,1.0038472465515138,2331.4812049865723,12.716232299804688,124.09872436523438,-307.735652923584,4.701408386230469,3483.4487495422363,20.513225555419922,87.68224716186523,-523.0479850769043,7.952968597412109,0.2484527587890625,0.2521441650390625,0.0,0.0
Nukes,0.125,0.0,73.31177500000001,0.051819012500000004,1.4516499999999999,0.2771375,67.75285,0.9281874999999999,2128.5,11.25,58.25,-227.625,1.5,3300.0,18.75,132.125,-267.125,3.375,0.1875,0.09999999999999999,0.0,0.0
ZaZee,0.00390625,0.0,464.79016554837233,0.2716543157167435,0.40996201138496396,0.08114060792922974,213.83332655911445,8.311034147834778,4253.6071519851685,82.54744625091553,-679.7159452438354,-695.4169692993164,-12.898284912109375,7111.329163074493,141.37330150604248,-737.8369717597961,-805.760678768158,-10.241896629333496,0.2785867706298828,0.1094795322418213,0.3812676239013672,0.035348401069641114
Kryze,0.0040283203125,0.2500038146972656,338.6162039913178,0.21518799791717527,0.41224656143188476,0.06839830131530761,217.25874408607484,7.405981782150269,4198.652816772461,70.60215759277344,-380.5530319213867,-169.61216735839844,-6.502193450927734,7002.72673034668,120.30779647827148,-382.3257942199707,279.3969917297363,1.2793312072753906,0.6336156982421876,0.14706268310546877,0.20093273162841796,0.059747848510742184
Potluck,0.125,0.0,146.30029374999998,0.0962526125,0.41450624999999997,0.24221874999999998,120.18353124999999,4.3142875,2674.0625,52.0,-453.0,-169.5,3.5625,4416.9375,76.25,-636.8125,-323.75,-7.375,0.10416874999999999,0.051875000000000004,2.44125,0.27812499999999996
MasH,0.0,0.03125,352.477475,0.25341180078125003,0.570910546875,0.30144375,240.45943046874999,8.682804296875,3207.859375,78.74609375,-186.7890625,-152.7734375,-8.6875,5093.58984375,122.5078125,-670.09765625,-428.68359375,-15.80078125,1.074203125,0.0852734375,0.48433593750000004,0.0034765625
Insanity,0.5,0.015625,433.56143988647466,0.25218092840576173,0.33059357299804687,0.2560907531738281,245.37481364135743,8.56529360961914,4705.540771484375,89.0537109375,91.775390625,-198.05731201171875,-6.3458251953125,7843.748352050781,148.3782958984375,95.7867431640625,-43.93524169921875,-7.34698486328125,1.3218994140625,0.0681024169921875,0.5487231445312499,0.008900756835937499
P1noy,0.75,0.0,236.242425,0.10584075000000001,0.6150749999999999,0.135925,123.39215,2.361875,1993.5,22.0,-504.75,-190.25,-38.5,3218.0,37.25,-1425.0,-936.25,-64.75,1.5,0.1325,0.085,0.0375
Poome,0.0,0.29296875,151.1476055267334,0.08423853947448731,1.3993644927978515,0.20758905029296876,74.75382504272461,0.9941919586181641,2193.5377807617188,10.698516845703125,-276.2971496582031,-568.70068359375,-1.651092529296875,3561.0362854003906,18.495147705078125,-498.2515563964844,-766.2219543457031,-2.793304443359375,0.248095703125,0.1464093017578125,0.0,0.0
Deus,0.0,0.5,412.817725,0.15521325000000002,0.30745,0.030149999999999996,203.50375,5.4259,2903.75,44.0,-535.75,-320.75,-10.75,4574.25,70.25,-908.75,-616.75,-20.75,0.85,0.10500000000000001,0.2225,0.0
Treatz,0.0,0.09375,154.0219203979492,0.09238425577392578,1.1704290893554687,0.1402152099609375,105.74568781738282,0.68086171875,2580.145751953125,8.5562744140625,-59.1893310546875,-153.544921875,1.4197998046875,3828.1788330078125,13.6348876953125,-418.45263671875,-137.359619140625,1.18994140625,0.53564296875,0.25869384765625003,0.0,0.00375
Tuesday,0.0,0.25,259.267125,0.18466125,0.2726,0.050325,178.822325,7.109249999999999,3383.25,62.0,-650.5,-155.25,-7.5,5376.25,97.5,-1049.75,-241.0,-10.5,0.333325,0.0675,0.33999999999999997,0.0
