player,firstdragon,infernals,mountains,clouds,oceans,firstherald,firstbaron,firsttower,firstmidtower,firsttothreetowers,dragonsdiff,elementaldrakesdiff,eldersdiff,heraldsdiff,baronsdiff,towersdiff,inhibitorsdiff
Lindarang,0.3112325689135125,0.3249530869053392,0.5361528437835335,1.0666676165156035,0.5708045996771043,0.34972427203472434,0.5044050835559528,0.8399288076462776,0.7935267259154319,0.809151711014324,0.004312147931598176,-0.08943403002969674,0.09374617796129492,-0.3005514559305513,-0.3818085225719319,-2.3108655352729093,-0.7199767059927715
SeongHwan,0.054135224280167996,0.05533291055355338,0.27351451685740463,0.04413223292840943,0.16043854389889997,0.5382674023978742,0.18694328187377413,0.04638337993715233,0.16009199477613623,0.16350965805050927,-2.5501558122390273,-2.549667296295735,-0.0004885159432923569,0.07677894544985575,-0.11045434982429975,-7.730550400855327,-1.750123739192929
Mickey,0.06362970554619428,0.3365789316889053,0.1426162758143672,0.87695369176835,0.26666263584138516,0.017830175422886972,0.01660182723152589,0.14184573020877694,0.14453130874859912,0.144775420036925,-0.8812270271456026,-0.8812270337230648,4.714816984752132e-09,-1.6790440469871974,-0.9201540239713544,-8.19447495371512,-2.224212254059846
Sangyoon,0.9033739159420022,0.7604084231425212,0.791542485421606,0.1623539185166103,0.15714855122952542,0.10879659607514322,0.02399489129767441,0.03360795120449358,0.2951435733803671,0.056862263772990314,-0.9353702528256305,-0.9527001826887114,0.017329929863080906,-1.1613130578497135,-1.2963444194476357,-8.472318933578306,-1.793615118034488
Key,0.2637224811525862,0.6645563244854337,0.6348762679311308,0.562603140252236,1.2300291147585105,0.851928595236663,0.14269217220464936,0.6036355083503565,0.5567547853739846,0.5567395258855207,1.5452152766386043,1.1087532316898923,0.436462044948712,0.703857190473326,0.13582862140527918,5.086353003953764,0.834529783171059
Smeb,0.9527950893166421,0.9804992709055727,0.9606304774393006,0.1343079285085339,0.9454387487271562,0.9487999167631787,0.2828066997096965,0.8863297133857524,0.7828064608252145,0.9078083681738474,0.3242208225556146,0.3242363276795549,-1.550512394032831e-05,1.463246958770498,-0.24574995584454262,-3.552619841252581,-0.4538167807531773
Score,0.10342032293571367,0.6650392750270929,0.5048447272875302,0.5366559105046067,0.04139748419424927,0.6172300124324299,0.914570187423609,0.7447626061052763,0.6646769689978123,0.6649211096241765,-0.3393944883710036,-0.8403858031306344,0.5009913147596308,0.23446002486485973,1.015548357674878,5.3067495573808365,0.773185137073956
PawN,0.6243574558369102,0.7285702399160724,0.5698783427615133,0.5402664253635144,0.06495129375893122,0.44651709519897065,0.2495105128838184,0.3158984120783833,0.11856030049789254,0.3704972130326949,-0.7769000590824897,-0.5269920868460183,-0.24990797223647143,-0.1069658096019227,-0.8712933356963442,-3.5394786827888964,-1.3611144036277913
Deft,0.7656392220287405,0.5324567447321346,1.0009314013414627,0.1106078968500856,0.7695640795006402,0.8755557240019807,0.8017305689361092,0.8853214533111069,0.30368422924901245,0.7958411827996603,0.486450051115045,0.4864653099623152,-1.525884727016091e-05,0.36769549942887536,0.8534540542613755,4.61708286627886,1.6040144194982093
Mata,0.767399655799522,0.5810690901857518,0.5804151182388311,0.07151202603703191,1.1748058740202538,0.4475565659339473,0.01587840860257753,0.3361867081366613,0.06577287929745115,0.0805410029277981,0.5440586399646954,-0.2062758612925195,0.7503345012572149,-0.1048868681321054,-1.1246392104236382,-2.5521674505826173,-0.2684464647195248
Expession,0.20038290434865758,0.1957099605425583,0.2832651589123998,0.00018519307798214868,0.5885051708413584,3.026798367500305e-08,0.0793155894954225,0.18931830178792097,0.22125460456845758,0.1109488780986112,-2.2938310010898704,-2.029182714289959,-0.13964828679991115,-0.750000219559297,-0.2502499398266309,-5.413626280313338,-1.834922767939247
Crash,0.20038290434865758,0.1957099605425583,0.2832651589123998,0.00018519307798214868,0.5885051708413584,3.026798367500305e-08,0.0793155894954225,0.18931830178792097,0.22125460456845758,0.1109488780986112,-2.2938310010898704,-2.029182714289959,-0.13964828679991115,-0.750000219559297,-0.2502499398266309,-5.413626280313338,-1.834922767939247
Fly,0.15736593308361313,0.4073176050533263,0.31364938013389176,0.6580353232844074,0.2242127720323926,0.10213001500143395,0.2203065421227937,0.21931858409460342,0.7203296596635647,0.21935691372459815,-0.810288973887528,-0.8102891825046942,2.086171662085689e-07,-0.21447041675099526,-0.8022921543383701,-4.337442250263797,-1.5927324310206883
PraY,0.10342037881917987,0.6650390691414318,0.5048447866667196,0.536655560370513,0.04139782215225973,0.6172310286034126,0.9145704611779872,0.7447625456602789,0.6646767949291914,0.6649209355541923,-0.33939710007012625,-0.8403884286931714,0.5009913286230523,0.23446205720693958,1.0155496488371787,5.3067399925947,0.7731792741426914
GorillA,0.17804939771780678,0.6722145677204754,0.12507782909239457,0.2087731521373188,0.010036591734396583,0.1808619359297308,0.17222407538888312,0.1648859847058375,0.2270458058702515,0.1645186263786981,-1.1355665390528968,-1.1975782578611045,0.06201171880820766,-1.1841833243494344,-0.5226856336225569,-6.5172757612262355,-1.8967782884528628
CuVee,0.9178325577269744,0.16586406766601153,0.6258775592145365,0.6909486204485977,0.8077270500837717,0.5424647455116529,0.15728861654423848,0.5314799023804573,0.18917197736027713,0.0016719722371488221,0.050070740513149525,0.055869080832565254,-0.0048217778194157256,-0.5991731433711804,-0.6811577719496874,-7.408415024650035,-1.5210769833408424
Ambition,0.2019733317097367,0.3217230522432316,0.1496636872518949,0.014229029915454059,0.16480321863173256,0.19992304874635655,0.20132118611312116,0.2311790630531553,0.23142863422713655,0.23337793498402057,-1.963180753920965,-2.2132150880703834,3.816571293444212e-06,-0.6001453150362575,-0.3402738554208361,-5.51837517920628,-1.61636747874273
Crown,0.10612273437344777,0.317230702013223,1.2524590828437105,0.004411761433417194,0.7228149176226336,0.21155786991598902,0.13724953498748343,0.6604409584332036,0.7157425949489754,0.6373734828165115,0.5896941270347829,0.5740631637724999,0.015630963262283,-0.2896641695400651,-0.7331193505198019,0.06863462260727404,-0.04010225147671953
Ruler,0.9352140319986214,1.3157699006708645,0.3742074908530615,0.17023577950506763,0.6422374925118914,0.9999998054451444,0.8117445056339853,0.966796441978252,0.8121333709893066,0.8437343196451705,0.8911336388938241,0.8911392715182035,-5.6326316553168016e-06,1.55614450239183,0.6327665108359001,6.6836603228703435,1.9331538798982668
CoreJJ,0.2028372879698764,0.3211533206341834,0.15216200804116053,0.013811151385313865,0.16424808818082864,0.19939500561296725,0.2012091346986209,0.23113449226356597,0.2311969447036248,0.23314935626684127,-1.9605212255335278,-2.2110180833331246,0.0004892284050654921,-0.6012079547655456,-0.33946310813029557,-5.519730940580044,-1.6160058811199929
Haru,0.28083748069424597,0.12555635377994534,0.006351084215681783,0.3894177680486273,0.04221768378938973,0.7012767177559049,0.01221108834587593,0.20117277305617365,0.07105145303656359,0.07031903114155136,-2.1563595869511207,-2.156336937184248,-1.883506960709181e-05,0.2980745189712063,-0.8974361631716785,-5.786812656346289,-0.9084075272786751
ikssu,0.06363038241679371,0.3365786508134981,0.1426172278608605,0.8769543618558375,0.26666261676739156,0.017830036136698476,0.01660169536193968,0.14184571663255624,0.14453127843769112,0.14477540416153234,-0.8812243985794294,-0.8812244003811393,1.8017098910906214e-09,-1.6790434298315895,-0.9201542961176195,-8.194479846828663,-2.2242134068679933
UmTi,0.038614613360033585,0.020508535796622596,0.048849390600141485,0.05079949414555142,0.1987614935608946,0.41897947795522106,0.17140347965067182,0.04638845183165125,0.04639569379574794,0.046396021621313746,-3.799755693672738,-3.674770952461828,-0.12498474121090963,-0.16204101428723544,-0.742823250809704,-7.8159930875780645,-2.6837031691101956
Kuzan,0.2849916478015822,0.40014996206565834,1.0003245185366885,0.13757535326394443,0.28329988919769117,0.26681630084289065,0.3283101133860474,0.2666947785045296,0.015840764769488647,0.2658417184583569,-0.489174830341619,-0.2391748240515537,-0.25000000629006536,-1.3687612243212466,0.12170948388599978,-2.328630755538046,0.48582323119395254
Teddy,0.8069891885284417,0.5531689182160262,0.7547308376452031,0.7207482610981024,0.33699989462736474,0.8203593403824376,0.7266816687615963,0.7605449915655658,0.8520969939137468,0.8521046306424434,1.2863934948985096,1.2863915717176204,1.9231808892064203e-06,1.2862582773919895,0.78051216321594,8.286611296038874,1.9673106228335664
SnowFlower,0.10342037881943618,0.6650390691417325,0.5048447866668377,0.5366555603710392,0.041397822152674846,0.6172310286034425,0.9145704611782868,0.7447625456606495,0.6646767949295906,0.6649209355545913,-0.33939710006785573,-0.8403884286909111,0.5009913286230554,0.23446205720688496,1.0155496488377729,5.306739992600514,0.7731792741438979
Huni,0.4190443212208368,0.28152802805795596,0.4728968261246882,0.00928283002721031,0.00013167517649503857,0.41415483273786347,0.41098776989363706,0.25035739482592456,0.28159230692727855,0.2852543348261052,-0.5620669712862032,-0.5620669470927069,-2.419349631743728e-08,-0.16753405004519184,-0.17155468351617364,-3.021049466323427,-0.30054028260244214
Peanut,0.7553940151019785,0.256100272123754,0.005134942043270281,1.0252696913105521,0.0005051215148442227,0.01581678143919876,0.27120760237552255,0.25112298457156657,0.02112683996075382,0.25147387727520565,-1.2516252097162517,-1.2672500160011608,0.015624806284909143,-0.9683664371211478,-0.4831501272419416,-5.457864488867495,-0.6447631513316592
Faker,0.9118270164550681,0.8507026914564199,0.0756934023232492,0.5319721775696395,1.391998314037836,0.1257494461190018,0.626906700185542,0.16871986504905107,0.6335519026199501,0.6336740902790943,1.5822959183761545,1.5822651474819271,3.0770894227302725e-05,-1.4198675617281669,0.48819461145503906,3.5857807366219805,0.47696996533705993
Bang,0.15034812475626044,0.32234439430328016,0.09906498738747989,0.2515846239990302,0.03519110662559701,0.22641456463350207,0.04280453332660089,0.09944678990272268,0.19319678955254754,0.16194681935496053,-1.1621695846003741,-1.6524041981335424,0.24023461353316833,-0.5471679946923973,-1.009178490390756,-8.058838922105382,-1.5346376509281066
Wolf,0.37226722729055683,0.3261225321662179,0.031345788291710024,0.008921414833044553,0.267773648260361,0.7559041427637196,0.03272126485935431,0.2975521190278903,0.2812557607457116,0.2827212657038177,-2.059218982128501,-2.0279079319255637,-0.03131105020293723,0.5128468816806513,-1.2210538369460675,-5.70382801955512,-0.7874507118617247
ADD,0.11328188256810162,0.1837179662845126,0.8477484001061981,0.046875242160896946,0.1562503959013106,0.4462968717424691,0.11328519902630851,0.35937544806879895,0.3291019203469938,0.1103519212783732,-1.3735774104069953,-1.0923272017907815,-0.28125020861621397,-0.10545217597079004,-1.4638249739375893,-6.048556981231239,-2.4345740123380186
Beyond,0.2849916478024285,0.40014996206713427,1.0003245185485539,0.13757535326362816,0.28329988919949767,0.26681630084125635,0.3283101133873175,0.2666947785089633,0.015840764773443566,0.26584171845912863,-0.48917483029615744,-0.23917482400563733,-0.2500000062905201,-1.368761224324487,0.12170948387263603,-2.328630755510655,0.48582323118994
Ian,0.11329128334807545,0.1837158873741254,0.8477478214022445,0.04687691491616084,0.15625811860360542,0.44629121388745996,0.11328709545297058,0.3593769213507828,0.32910348103135134,0.11035348106045698,-1.373538860878197,-1.0922888543589404,-0.2812500065192567,-0.10546441736432155,-1.4638229529819364,-6.048562159691796,-2.434572812305729
MaHa,0.28799188000899484,0.05616130685900168,0.00014185632722009422,0.03576664116629496,0.3481502831010246,0.03705239718352804,0.12524644902875537,0.03308658945406707,0.03210521353225372,0.03210473669486371,-2.6218693602662206,-2.621370544127517,-0.0004988088045374487,-0.9258494271701101,-0.8817093040497219,-10.268596765806505,-2.544966685169979
Max,0.11330063977037125,0.18371689329904323,0.8477481014199526,0.04687893577804242,0.15626545674067024,0.44629487447027616,0.11329276125647503,0.3593790387320537,0.32910555612118575,0.11035555658690385,-1.3735124143076411,-1.0922623099995556,-0.2812501043080856,-0.10545664828729473,-1.4638098410944436,-6.048599093027813,-2.434574069767152
Crazy,0.007965460485452911,0.047059504433358226,0.2500009573996925,0.0703166280293407,0.039398938432100294,0.46951712550606417,0.03140755754459533,0.10229909666021628,0.34451815364116645,0.03934236679947932,-4.271543697020901,-3.615294881423109,-0.6562488155977921,-0.060964794382232235,-1.4607589998114747,-7.376148000096794,-2.934859455193261
Bless,0.6011062191060353,0.6372132306301257,0.017578907371900272,0.4834299238091565,1.6875630021387518,0.690476697288446,0.6938796425383923,0.9668305349050722,0.9648774052120658,0.9668305320892766,1.2127274179629923,1.876790636085457,-0.6640632181151886,0.6427331806646949,-0.7457230119739247,1.4388460023160627,0.4013478526518426
Tempt,0.7222035243726418,0.6900829449671884,0.7983400854839326,1.0635987149117911,0.2261661612596618,0.9668983564622102,0.1274873554014315,0.47125092570714266,0.42535416039128315,0.425312191723709,0.5506000337255413,0.4256039303783996,0.12499610334714173,0.893922003292944,-1.0093115618380837,-4.423381933061889,-2.164600653177632
Ghost,0.9500169903222678,1.1280303022176876,0.959717065110538,0.8850870459224811,0.16828317243529614,0.8710915892585167,0.24163739617281177,0.8749980905964202,0.9995117011272856,0.9999999977567804,3.088127484312676,3.087879588624159,0.0002478956885170261,1.2324002329244488,0.24517707344699802,7.396204019762644,1.064414470359482
Totoro,0.4501382773882544,0.2046516538287657,0.7521973634214876,0.5604287404761445,0.21094537526734397,0.8363095871610557,0.961734955317299,0.745853816863134,0.9956096756515083,0.9958538165111596,0.5265909272453739,0.609598829510682,-0.08300790226439858,0.8303416475830869,0.7817846235032594,8.054855750289509,2.1751684815814802
MaRin,0.0846431816565257,0.15642645982099884,0.45996720908465605,0.07031278247031256,0.5004143751141698,0.7129427366792531,0.2013457369742344,0.21390080684016832,0.7794564249846246,0.6544569018217828,-1.137218807219555,-1.324851406076445,0.18763307569405507,0.42698507148926484,-1.2065705138660763,-3.8920269505641056,-0.9955465827315648
Spirit,0.1573659401634614,0.4073176019051113,0.3136493848155153,0.6580353304832854,0.22421276618275116,0.1021300152820134,0.22030653869667044,0.21931858746502036,0.7203296615821444,0.21935691377950933,-0.8102889547831345,-0.8102891633993912,2.08616256713869e-07,-0.21447041073207312,-0.8022921546705635,-4.3374422605037335,-1.592732428387586
Kuro,0.874979454551059,0.788820386231912,0.7807426345647785,0.011812273166702,0.6025471682049461,0.4333235367792727,0.15537092736217403,0.9191653047000652,0.38974580901568556,0.3897457791952017,-0.6765126497531169,-0.6784648809171793,0.001952231164062318,-0.5569844067294571,-1.0627222670134042,-1.897330309426526,-0.12211324140453456
Kramer,0.14611919433426454,1.0230725725978433,0.2710266468077451,0.47669321319728003,0.1457522736244741,0.7379241102885926,0.7106259746894992,0.6561365977238491,0.24967321613787163,0.7498866005287894,0.3566763635059123,-0.14283346286929088,0.4999828488361407,0.4839049674614153,0.7959658155038188,-0.6404324163628377,-0.44897470079850377
TusiN,0.9374896832150615,0.8944101781026736,0.8903712616898295,0.005906112926965679,0.8012734948930347,0.7166617406489686,0.0776853830253743,0.9595825884987326,0.6948728980343857,0.6948728943068252,0.16174332163005778,0.16076725828974103,0.0009760633403167497,0.7215077303325239,-1.0313613192863282,-3.448665592257646,-0.5610566454194785
Shy,0.1420496052596718,0.2663329839706421,0.03712280170293525,0.12991766912455205,0.00025011974503286183,0.00016976147890090942,0.059253016515867785,0.013575697565102018,0.5122866279416485,0.005092079096357338,-2.116260507958941,-2.13189318208606,0.007820174127118662,-0.9202403948293068,-1.0772568995089387,-7.055991677181737,-1.6789777886369848
Roach,0.558672985546639,0.09478989757618095,0.25806240563568594,1.8262988971639587,0.6289294009038713,0.31564719980826794,0.028356788708438385,0.40048238450748674,0.8242494594927621,0.3398801968482441,-0.11072053439179508,-0.23572041467159632,0.12499988027980133,0.3187948764842201,-0.757731758611625,-2.3718242719048543,0.3736397488374621
Punch,0.9683367598168557,0.32016660839873623,0.2682681307206849,0.7201119936084998,0.8389390474512801,0.26811472536064684,0.1903797419047552,0.455691019773454,0.45564144361335046,0.4556376299042513,-0.033471625899578195,-0.033471331419746564,-2.9448005944892257e-07,-0.5682017011477081,0.1307564258484017,-3.705980021844114,-0.9286896980979025
Edge,0.16299063829164184,0.16177368909305834,0.06471443945456226,0.08013921976662208,0.7500000011641683,0.5009765669239314,0.24464988801905757,0.16750538651937363,0.5341796884387632,0.04250145051735733,-2.4168060849640414,-2.028130269528698,-0.3886758154353434,0.26416970472435475,-0.7549916468608011,-5.3807205792071615,-1.514892024183927
SS,0.13480541763630166,1.5010160580295637,0.011002127548694961,0.13478519023920082,0.5167846679690342,0.6038820743571591,0.5081163696015671,0.041788941744755705,0.25794291496299776,0.5080670169556927,-1.833597853048087,-1.842536164616584,0.008938311568497231,-0.16717183356818255,-1.3712780741325343,-4.744477714985158,-1.265018284185592
GuGer,0.2849916478135159,0.4001499620717941,1.000324518542714,0.1375753532784439,0.2832998892092038,0.26681630083724284,0.32831011339340943,0.26669477850556245,0.015840764775933384,0.26584171846480853,-0.48917483026880715,-0.23917482397521928,-0.2500000062935879,-1.3687612243325424,0.1217094838922238,-2.3286307554815564,0.48582323121397875
Blank,0.150348124763059,0.32234439430201145,0.09906498739298303,0.2515846240006308,0.0351911066287319,0.22641456463452858,0.042804533332393424,0.0994467899110186,0.19319678955805597,0.16194681936074073,-1.1621695845959592,-1.652404198123649,0.24023461352769002,-0.5471679946901256,-1.0091784903854806,-8.058838922052649,-1.5346376509198285
Stitch,0.388671875,0.006103515625,0.5078125,0.287109375,0.125732421875,0.625244140625,0.056884765625,0.529541015625,0.01025390625,0.510986328125,-2.797119140625,-2.79296875,-0.004150390625,0.374755859375,-1.43408203125,-6.808349609375,-2.276611328125
Mowgli,0.2590776194947466,0.0640040073540149,0.07041043102071853,0.2707656774964562,0.8831877743705263,0.19257510034367442,0.14207355220423779,0.19670066430444422,0.9545897041316493,0.20457355185499182,-1.3601342795755045,-1.405059969307331,0.04492569019748771,-0.614569180412218,-0.3919054516381948,-2.9541364984243046,-1.2187626638997244
Wraith,0.8216413563572047,1.3137692215899506,0.0007515261095392134,0.7673679670637057,0.5099183635321225,0.0001094955878215842,0.759141810981987,0.2510866540768717,0.25132883100029346,0.7591413278061765,1.8396205056556312,1.3399252870579517,0.4996952185976795,-0.4343502484371413,1.6505376279257575,4.4864531821910845,1.99007251620084
SoHwan,0.8748004133808106,0.788982410492757,0.7801053829282929,0.012239678835920096,0.6023335119732414,0.4333928086464016,0.15442603483392325,0.9184932009079305,0.3888049047504577,0.38929223116380607,-0.6755260530105229,-0.6774734709235972,0.0019474179130742901,-0.5587299359586976,-1.0654235713712943,-1.9044997199846732,-0.12580052377327072
Profit,0.3359375,0.09375,0.1015625,0.1484375,0.3203125,0.01953125,0.23828125,0.234375,0.140625,0.234375,-2.40625,-2.4140625,0.00390625,0.01953125,-0.64453125,-4.21484375,-1.34375
Secret,0.12726815699060495,0.6731589916642466,0.2852859674181082,0.7539161448466991,0.5333253482016364,0.035645660187332895,0.03320418789551399,0.2836915143104494,0.2890627275015245,0.28955088954226244,-0.7623806378542024,-0.7623806522678744,1.4413672006078352e-08,-1.3581286886527435,-0.8403603455034713,-6.388907622285603,-1.4483703408814714
Mightybear,0.15678410108648677,1.545921986689791e-05,0.9104614857969864,0.0005190084948480944,0.007812984477823193,0.7588285259553231,0.13086100445252669,0.46927785580282944,0.23929728811799578,0.12906781478795892,-3.2692798093185047,-2.732933374007189,-0.5363464353113159,0.552813341433648,-0.4515673253181376,-6.915294746465406,-1.3356382629908694
Raise,0.339542927257412,0.2721562395215642,0.1339421314644369,0.13306045816040069,0.5000000596191967,0.00390648857683118,0.47866827393875155,0.3576356774858027,0.07421881350404647,0.10757452313481508,-1.9170064118306414,-2.174818489723407,0.2578120778927655,-0.44326715046372556,0.4800112224515374,-2.709561911546473,0.003132943664581944
Part,0.75,0.25,0.0,0.25,0.5,0.0,0.0,0.0,0.0,0.0,-0.75,-0.75,0.0,-0.5,-1.25,-8.25,-2.25
Helper,0.8752524256706238,0.3830609992146492,0.6284187138080597,1.7658770382404327,0.003914594650268555,0.6717038154602051,0.6316050216555595,0.6296510472893715,0.16726373881101608,0.033459655940532684,1.4372997749596834,2.313334973528981,-0.37652431428432465,0.3434109687805176,0.8928538877516985,-5.325025448575616,-1.51783537119627
Malrang,0.6508697078135254,0.5181656181853338,0.5041814523467798,0.133339435007665,0.6997681318327977,0.5339849155594585,0.011749543279758967,0.5221889122495862,0.7249472244103607,0.5688192937833529,-0.9843320327924228,-0.9772519090312595,-0.007080123761163294,0.34921983111891697,-1.0654898202085106,-5.861841792329816,-1.3103256861730637
cepted,0.8203201554790862,0.5001239890772402,0.007843304527363593,0.7656405498348784,0.32813262951119526,0.96192963933062,0.0859607050301141,0.40737183778438113,0.8282740762014311,0.3673327575164931,0.3296372722774677,0.347217569152563,-0.017580281988510915,0.9552389783683708,-1.0780539544566308,-2.367201188952489,-1.3001780366252473
DeuL,0.8203201554790862,0.5001239890772402,0.007843304527363593,0.7656405498348784,0.32813262951119526,0.96192963933062,0.0859607050301141,0.40737183778438113,0.8282740762014311,0.3673327575164931,0.3296372722774677,0.347217569152563,-0.017580281988510915,0.9552389783683708,-1.0780539544566308,-2.367201188952489,-1.3001780366252473
Ella,0.8203203380908235,0.5001240689971382,0.007843405564926798,0.7656409181981871,0.3281326304131653,0.9619297194876708,0.08596077722813789,0.4073719094712942,0.8282740512795499,0.36733270494642056,0.3296381079182993,0.3472185874745719,-0.017580360448846477,0.9552391390898265,-1.0780537383213868,-2.367201166912537,-1.3001781741322702
Soul,0.5186767578125,0.5625,0.5177001953125,0.0,0.067626953125,0.0040283203125,0.0665283203125,0.3192138671875,0.0040283203125,0.0665283203125,-0.5003662109375,-0.4866943359375,-0.013671875,-0.8631591796875,-0.7916259765625,-7.845458984375,-2.0638427734375
Winged,0.5186767578125,0.5625,0.5177001953125,0.0,0.067626953125,0.0040283203125,0.0665283203125,0.3192138671875,0.0040283203125,0.0665283203125,-0.5003662109375,-0.4866943359375,-0.013671875,-0.8631591796875,-0.7916259765625,-7.845458984375,-2.0638427734375
Candy,0.5186767578125,0.5625,0.5177001953125,0.0,0.067626953125,0.0040283203125,0.0665283203125,0.3192138671875,0.0040283203125,0.0665283203125,-0.5003662109375,-0.4866943359375,-0.013671875,-0.8631591796875,-0.7916259765625,-7.845458984375,-2.0638427734375
Veritas,0.8049793243408203,0.0869140625,0.4143390655517578,0.765625,0.5010566711425781,0.4219379425048828,0.2510395050048828,0.3018627166748047,0.7969379425048828,0.2979145050048828,-1.1640682220458984,-1.0388545989990234,-0.125213623046875,-0.1541118621826172,-0.46549415588378906,-3.3725852966308594,-1.704122543334961
Pure,0.8049793243408203,0.0869140625,0.4143390655517578,0.765625,0.5010566711425781,0.4219379425048828,0.2510395050048828,0.3018627166748047,0.7969379425048828,0.2979145050048828,-1.1640682220458984,-1.0388545989990234,-0.125213623046875,-0.1541118621826172,-0.46549415588378906,-3.3725852966308594,-1.704122543334961
Khan,0.604730767108865,1.7295181160301123,0.16528387495083469,0.21190381309885925,0.20737688740400095,0.8731768199757154,0.6871956940559021,0.5587234543621524,0.6077981954406713,0.6236710911583474,0.7842618543165207,0.7603665906328216,0.023895263683699042,0.7463536399514308,0.5769240599988457,4.635782038910112,1.2889757220781581
Cuzz,0.8068536804651852,0.5531114608484955,0.7545798113622424,0.7207813878419583,0.33708972276146604,0.8204105469839256,0.7268014530453948,0.7603500458850654,0.8521447741874133,0.8521609717496019,1.2866479866765266,1.2866383307532052,9.655923321364605e-06,1.2863994720055016,0.7812435371467125,8.287106488747154,1.9673405332585365
Bdd,0.9352140319986214,1.3157699006708645,0.3742074908530615,0.17023577950506763,0.6422374925118914,0.9999998054451444,0.8117445056339853,0.966796441978252,0.8121333709893066,0.8437343196451705,0.8911336388938241,0.8911392715182035,-5.6326316553168016e-06,1.55614450239183,0.6327665108359001,6.6836603228703435,1.9331538798982668
Hachani,0.0040283203125,0.00396728515625,0.1484375,0.0040283203125,0.0001220703125,0.30975341796875,0.26190185546875,0.26190185546875,0.30120849609375,0.28533935546875,-2.40936279296875,-2.42401123046875,0.0068359375,-0.38043212890625,-0.21435546875,-5.7314453125,-1.00408935546875
Rascal,0.9352140319986214,1.3157699006708645,0.3742074908530615,0.17023577950506763,0.6422374925118914,0.9999998054451444,0.8117445056339853,0.966796441978252,0.8121333709893066,0.8437343196451705,0.8911336388938241,0.8911392715182035,-5.6326316553168016e-06,1.55614450239183,0.6327665108359001,6.6836603228703435,1.9331538798982668
Untara,0.2672001886164662,0.017183334109847022,0.5202974235078934,0.2510588105266155,0.2632827779908101,0.004264370313720354,0.25395732037554114,0.25541688553424574,0.26176457376659906,0.2539572910365991,-2.2510971011083623,-1.9361554899606026,-0.3149416111477593,-1.4812095979804822,-0.9774158249619948,-4.972427565052868,-1.3503882218659642
Lava,0.2296681548842812,0.44826537373239833,0.2197342063698531,0.6888904124680267,0.03068686465860728,0.010549096519199802,0.00782866219754002,0.007813243323101668,0.6250239220863709,2.3141630777594546e-05,-1.6547650276842465,-1.654673297998582,-7.64708966017047e-05,-1.7757284675946876,-1.2175503395584983,-8.250669479582125,-2.1001780959654313
Kiin,0.1573659401765775,0.40731760193775207,0.31364938478786175,0.6580353304894375,0.2242127661134985,0.10213001530172333,0.22030653869365424,0.21931858746488223,0.7203296615673906,0.21935691376829647,-0.8102889548623154,-0.8102891634785739,2.0861625849022392e-07,-0.21447041073493212,-0.8022921546529327,-4.337442260456179,-1.592732428343203
Crow,0.0,0.0,0.0,0.0,0.0,0.0,0.0,0.0,0.5,0.0,-1.5,-1.5,0.0,-0.5,-0.5,-3.5,-1.0
bonO,0.8749078024919753,0.789024415430628,0.7806848249821945,0.01198107056167793,0.6029207800665524,0.4334937514033446,0.15533751422397374,0.9192115827292752,0.3897125151687776,0.38995665556066317,-0.675636281354018,-0.6775893751583637,0.0019530938043458433,-0.5567124073396734,-1.0629799798100195,-1.8975636932762299,-0.12246838384541125
Effort,0.8069891901269888,0.5531689197770612,0.7547308290086993,0.7207482625406414,0.3369998989440293,0.8203593435796925,0.7266816663870227,0.7605449947628198,0.85209699150124,0.8521046204301099,1.286393499352263,1.2863915733780882,1.9259741748066388e-06,1.286258298538524,0.7805121607544611,8.286611243291887,1.967310609429663
Trick,0.007965460945574154,0.04705949222103323,0.2500009536743879,0.07031661598309036,0.03939893853475951,0.4695171172932351,0.03140755091115299,0.10229909898022183,0.34451814511318324,0.03934236383316947,-4.2715437452114475,-3.6152949353834334,-0.6562488098280144,-0.060964804288576036,-1.460759020461401,-7.376148028050541,-2.9348594442197697
IgNar,0.007965460485452911,0.047059504433358226,0.2500009573996925,0.0703166280293407,0.039398938432100294,0.46951712550606417,0.03140755754459533,0.10229909666021628,0.34451815364116645,0.03934236679947932,-4.271543697020901,-3.615294881423109,-0.6562488155977921,-0.060964794382232235,-1.4607589998114747,-7.376148000096794,-2.934859455193261
Justice,0.0,0.0,0.125,0.53125,0.0,0.59375,0.0,0.0625,0.5,0.03125,-2.71875,-2.125,-0.59375,0.203125,-1.265625,-9.09375,-3.078125
Pilot,0.11329128397801085,0.183715887393346,0.8477478215265286,0.04687691526697153,0.15625811939766993,0.4462912139843863,0.11328709500784148,0.3593769214477003,0.32910348105188647,0.110353481168316,-1.373538857565322,-1.0922888510460746,-0.28125000651924736,-0.1054644169951563,-1.4638229535813205,-6.048562157618551,-2.4345728117821004
Yaharong,0.6556560995794619,0.16259765721022768,0.2676088815120858,0.5337220728582686,0.7851583980960869,0.1750380892482695,0.7519684157395199,0.420090768713544,0.3966227008585367,0.4044351915453248,-1.9972575449401222,-1.5441325421597965,-0.4531250027803255,-0.6499238215034611,-0.1913533214764821,-5.1578779852553405,-0.8608381912961047
Aiming,0.9374539012332832,0.8945122077141461,0.8903424124746822,0.005990535267248928,0.8014603899771261,0.7167468756843427,0.07766875708673045,0.9596057913398042,0.6948562575557621,0.6949783277517758,0.16218185917203304,0.16120531227077317,0.0009765469012598984,0.7216437962603914,-1.0314899899581667,-3.4487818471213325,-0.5612341920443586
Thal,0.9060249564775815,0.7578258708952055,0.7927442133789994,0.16016578883917992,0.1533356042500989,0.10846544668013396,0.02442742504078961,0.034246726667877855,0.2959690176780651,0.0547542682729482,-0.9468388099569405,-0.9634403719967362,0.01660156203979568,-1.161975356639732,-1.301959012808712,-8.515739131383736,-1.802485679605002
Wiz,0.0673828125,0.625,0.0048828125,0.2509765625,0.50390625,0.51171875,0.3125,0.01953125,0.5,0.0625,-1.8525390625,-1.0244140625,-0.828125,0.02734375,-0.828125,-5.962890625,-1.65625
Blossom,0.5453906059265137,0.043222904205322266,0.004336833953857422,0.760528564453125,0.012715816497802734,0.014592170715332031,0.1315751075744629,0.13086986541748047,0.13089895248413086,0.1315760612487793,-1.4839868545532227,-1.4839715957641602,-1.52587890625e-05,-0.8447928428649902,-0.734128475189209,-3.6886391639709473,-0.7557783126831055
Ucal,0.8955327894249911,0.9580842859743746,0.9104120287963307,0.26569175976878767,0.8906422132015757,0.8950424366807054,0.06269647181035955,0.7665691529577008,0.5669651483351803,0.8166027222936383,0.612459399590898,0.6188056328123801,-0.006346233221482115,0.9249954880974199,-1.0063359996365828,-5.134770060511474,-1.4144239669910106
Rush,0.362060546875,0.02880859375,0.328125,1.26904296875,0.09619140625,0.518310546875,0.776123046875,0.900146484375,0.65185546875,0.768310546875,0.78955078125,0.28955078125,0.5,0.174560546875,1.063232421875,3.730712890625,1.884521484375
WooFe,0.4375,0.5,0.5,0.140625,0.0625,0.75,0.015625,0.25,0.375,0.25,-1.59375,-1.8125,0.21875,0.75,-1.0625,-7.484375,-2.953125
Kuma,0.0859375,0.3125,0.15625,0.892578125,0.2578125,0.0,0.001953125,0.125,0.140625,0.125,-0.85546875,-0.8515625,-0.00390625,-1.625,-0.9453125,-8.310546875,-2.306640625
ALL IN,0.9567310528364033,1.105530934408307,0.8150870110839605,1.0025682156556286,0.05494557344354689,0.6150741344317794,0.0861856677220203,0.5182571234181523,0.5868737413547933,0.5861279712989926,1.4540167838567868,1.4541407718788832,-0.0001239880220964551,0.7488250276073813,-1.189633552217856,-5.529066098795738,-0.8434528073412366
HyBriD,0.12726815699060107,0.6731589916642343,0.2852859674181399,0.7539161448467012,0.5333253482016337,0.03564566018733805,0.033204187895518045,0.283691514310451,0.28906272750152795,0.2895508895422593,-0.7623806378541709,-0.7623806522678498,1.4413679028292157e-08,-1.358128688652716,-0.8403603455034543,-6.388907622285548,-1.4483703408814437
Luci,0.375,0.5,0.25,0.03125,0.125,0.75,0.03125,0.25,0.25,0.25,-2.1875,-2.375,0.1875,0.75,-0.875,-6.96875,-2.40625
Sword,0.5120155906551864,0.5393416011172197,0.12916113463530013,0.03329543606810335,0.008350886758831388,0.2620147658764468,0.09960968808034017,0.48271776006185074,0.28543511046153985,0.09990526003820381,-3.4282394443257886,-3.177696263501309,-0.2505431808244796,-1.401070410148969,-1.2469788716446464,-6.0190496894530785,-1.191035055296822
Tarzan,0.2563940927977088,0.2695772094398686,0.06547937186064803,0.017090500809647042,0.004406579603374771,0.13086379026055658,0.05029678345204268,0.2417031571714041,0.1430779738061605,0.050296907171403664,-4.210393704730134,-3.5857580000307188,-0.6246357046994149,-1.2011550470605503,-1.6220159069652058,-8.501135490937255,-2.0925355496987175
Rather,0.26611328125,0.1895751953125,0.25048828125,0.283203125,0.26800537109375,0.21929931640625,0.4332275390625,0.4713134765625,0.0972900390625,0.4254150390625,-1.421142578125,-1.67108154296875,0.24993896484375,-0.55828857421875,-0.1334228515625,-2.67938232421875,-0.69879150390625
Viper,0.07021845342255578,0.03142679507804774,0.0016137734665343277,0.09737408721548552,0.010501770306757259,0.17529423919586817,0.00305272643482013,0.05029396735290359,0.01777650429222544,0.017578125046842644,-2.789020384857798,-2.7890203535424156,-3.1315382295008204e-08,-1.1755096830438405,-0.22439173387551298,-7.196685760748698,-0.9770629947004239
Lehends,0.07021845408262199,0.03142679525651161,0.0016137736147783313,0.09737408802178393,0.010501771027338524,0.1752942398851503,0.003052726635603081,0.05029396718261299,0.01777650455760416,0.017578125398629244,-2.7890203811059617,-2.7890203499212074,-3.095192380414384e-08,-1.1755096813555106,-0.2243917327154331,-7.19668575614155,-0.9770629940514525
Choyul,0.5,0.0,1.0,0.5,0.0,0.0,0.0,0.0,0.5,0.0,1.5,1.5,0.0,0.0,-1.0,-5.0,-2.5
Hoglet,0.25,0.5,0.25,0.0,0.0,0.75,0.0,0.25,0.25,0.25,-1.75,-2.0,0.25,0.75,-0.75,-5.5,-2.25
Prince,0.59375,0.2265625,1.09375,0.75,0.625,0.375,0.1953125,0.3828125,0.375,0.125,2.484375,1.609375,0.875,-0.2421875,-0.1640625,-2.2734375,-0.7109375
Chovy,0.7656392220287405,0.5324567447321346,1.0009314013414627,0.1106078968500856,0.7695640795006402,0.8755557240019807,0.8017305689361092,0.8853214533111069,0.30368422924901245,0.7958411827996603,0.486450051115045,0.4864653099623152,-1.525884727016091e-05,0.36769549942887536,0.8534540542613755,4.61708286627886,1.6040144194982093
Nova,0.9025629779797368,0.7589147691615539,0.7893168556041825,0.1602863088483386,0.15246641729095695,0.1065046383479067,0.023565219018656176,0.03227036098727523,0.29312696053447196,0.05484573659672434,-0.9574345370078935,-0.9711054601944028,0.01367092318650931,-1.1658969733039592,-1.2995461542682865,-8.516006155832331,-1.8015057524997924
Motive,0.33203125,0.0,0.00390625,0.0625,0.265625,0.0625,0.1953125,0.0625,0.0625,0.0625,-2.10546875,-2.10546875,0.0,-0.87109375,-0.53515625,-5.19921875,-1.05859375
KaKAO,0.9053096771240234,0.7617816925048828,0.790313720703125,0.16408157348632812,0.156280517578125,0.1078948974609375,0.024566650390625,0.033843994140625,0.2963123321533203,0.057769775390625,-0.9295024871826172,-0.9475841522216797,0.0180816650390625,-1.1631145477294922,-1.2948284149169922,-8.475349426269531,-1.7932872772216797
Pirean,0.3007049560546875,0.644683837890625,0.1981201171875,0.5031661987304688,0.07037353515625,0.45281982421875,0.08560562133789062,0.19888687133789062,0.3863868713378906,0.3238868713378906,-0.32437896728515625,-0.30484771728515625,-0.01953125,-0.09435272216796875,-1.0183601379394531,-6.6175994873046875,-1.0692596435546875
Leo,0.6897420883178711,0.1348094940185547,0.002353668212890625,0.8187289237976074,0.3765277862548828,0.06294822692871094,0.13099312782287598,0.18894028663635254,0.06968522071838379,0.1946547031402588,-2.3522839546203613,-2.3405346870422363,-0.009796142578125,-1.7382102012634277,-1.0502865314483643,-7.499960899353027,-1.5053014755249023
Alphamong,0.5,0.0,0.5,0.0,0.0,0.5,0.0,0.5,0.0,0.5,0.0,0.0,0.0,0.5,-0.5,-1.5,-0.5
Kingen,0.10332704029860906,0.6650420442165341,0.5048113470547833,0.5366907885763794,0.04178095702081919,0.6172779162297957,0.914591598440893,0.7448986057570437,0.6648032691591652,0.6648033145029331,-0.33843657121178694,-0.8394455884408671,0.5010090172290802,0.23455583248869516,1.015476240470889,5.307358162594028,0.7734235696407268
Hoon,0.7734375,0.25,0.2890625,0.515625,1.28125,0.703125,0.2734375,0.8359375,0.2734375,0.2734375,0.390625,0.375,0.015625,0.4140625,-0.1953125,-2.3671875,-0.0078125
Clever,0.5,0.0,1.5,0.0,0.0,0.0,0.5,0.5,0.5,0.5,1.0,1.0,0.0,-0.5,1.5,0.5,-0.5
Asper,0.5,0.0,1.5,0.0,0.0,0.0,0.5,0.5,0.5,0.5,1.0,1.0,0.0,-0.5,1.5,0.5,-0.5
SoaR,0.81182861328125,0.0826416015625,0.41851806640625,0.783966064453125,0.50311279296875,0.430816650390625,0.26434326171875,0.307830810546875,0.807830810546875,0.310760498046875,-1.128143310546875,-1.009124755859375,-0.1190185546875,-0.137847900390625,-0.42877197265625,-3.1546630859375,-1.630218505859375
OnFleek,0.17804940349133075,0.6722144037633344,0.1250773929878229,0.20877314013849196,0.010036499312946076,0.18086158879504488,0.17222405244706723,0.1648856368777612,0.22704560349850156,0.1645184238371,-1.1355677412162841,-1.1975793407715463,0.06201159955526209,-1.1841843637258829,-0.5226855542568224,-6.517277347708642,-1.8967782713395993
Dove,0.6508635991683469,1.1251563808188814,1.218880973895978,0.03404276482527289,0.25431549558020494,0.970345560485249,0.0625926185250036,0.9714141675191136,0.5646756407438498,0.5646756407415761,0.35545057193770985,0.35545057263574614,-5.816209733868307e-10,1.5729653991267432,-1.2255225360530897,-4.92759263515243,-1.3866842988317083
Hollow,0.95703125,0.2890625,0.78515625,1.173828125,0.19921875,0.572265625,0.91796875,0.701171875,0.701171875,0.888671875,1.798828125,1.416015625,0.3828125,0.177734375,1.55859375,6.1015625,2.666015625
Joker,0.08627992740132837,0.0011983025863539533,0.39087999109491633,0.2187984718188623,0.15063684162035973,0.28495299306560967,0.2663318222296221,0.3354896088364042,0.48801986369442385,0.3317693281839452,-3.0386054317095947,-3.054718833101685,0.016113401392090027,-0.5394690138687808,-0.5614452583440269,-4.644947780226567,-0.576998092930322
Nuguri,0.9500169903222676,1.1280303022176876,0.9597170651105388,0.885087045922481,0.16828317243529606,0.8710915892585169,0.24163739617281182,0.8749980905964202,0.9995117011272858,0.9999999977567805,3.0881274843126763,3.0878795886241592,0.00024789568851704,1.2324002329244494,0.24517707344699777,7.396204019762646,1.0644144703594824
ShowMaker,0.9500169903222676,1.1280303022176876,0.9597170651105388,0.885087045922481,0.16828317243529606,0.8710915892585169,0.24163739617281182,0.8749980905964202,0.9995117011272858,0.9999999977567805,3.0881274843126763,3.0878795886241592,0.00024789568851704,1.2324002329244494,0.24517707344699777,7.396204019762646,1.0644144703594824
Nuclear,0.1473003516964528,0.1490488952632021,2.1272263700681493,0.0027843801099200092,0.26614797499560733,0.7172763663573613,0.1975918873071496,0.6429958505694423,0.655565535577633,0.6321281505959976,0.1523536421905176,0.05812302572445405,0.09410854615356357,1.3630048221436242,-1.142875269910031,-1.0893605166964737,-0.18270825503829252
Hoit,0.835829018805291,0.37576951654159707,0.5299247135617975,0.6015816895670554,0.03528865418175631,0.9910451714872082,0.084360587476775,0.6778594807928116,0.2990858515890622,0.799082036898648,-0.740076836004409,-0.9825084801218624,0.11743164411745344,0.7170756945369314,-0.30430497068598594,-4.508350337638671,-1.8437606507695925
Clid,0.9352140319986214,1.3157699006708645,0.3742074908530615,0.17023577950506763,0.6422374925118914,0.9999998054451444,0.8117445056339853,0.966796441978252,0.8121333709893066,0.8437343196451705,0.8911336388938241,0.8911392715182035,-5.6326316553168016e-06,1.55614450239183,0.6327665108359001,6.6836603228703435,1.9331538798982668
CheonGo,0.243560791015625,0.157470703125,0.33123779296875,0.031524658203125,0.2032632827758789,0.008390426635742188,0.171875,0.025468826293945312,0.1488037109375,0.14068603515625,-3.4619150161743164,-3.3913583755493164,-0.070556640625,-0.9832181930541992,-0.6649761199951172,-6.5548858642578125,-0.9759054183959961
Route,0.1780494034905899,0.6722144037632098,0.12507739298792706,0.2087731401378367,0.010036499312645053,0.180861588796355,0.1722240524469224,0.16488563687810537,0.22704560349868902,0.1645184238370601,-1.1355677412157261,-1.1975793407709885,0.062011599555262364,-1.1841843637205633,-0.522685554255927,-6.5172773477078,-1.896778271338885
Kellin,0.11347138734209519,0.11397655040492174,1.0556699375452259,0.2791550793920692,0.878952451301759,0.9791689869657081,0.2437738218869206,0.9772331379738015,0.9948117547119948,0.492858644611321,0.7085754910580142,0.8648867350069656,-0.15631124394895135,1.7576348298579298,-0.5297256179346808,-1.9509031823692489,-0.42637524406073773
Canyon,0.9500169903222676,1.1280303022176876,0.9597170651105388,0.885087045922481,0.16828317243529606,0.8710915892585169,0.24163739617281182,0.8749980905964202,0.9995117011272858,0.9999999977567805,3.0881274843126763,3.0878795886241592,0.00024789568851704,1.2324002329244494,0.24517707344699777,7.396204019762646,1.0644144703594824
Life,0.9352260273492419,1.3158069963808081,0.3741905432726157,0.17024473972035378,0.642224388828367,0.999997032024514,0.8117640148336419,0.9667900874450897,0.8121270061355536,0.8437427700377781,0.8911622563702583,0.8911612989706515,9.555369615559146e-07,1.5560889764727008,0.6328071978207122,6.683918259233767,1.9332062146199733
Zenit,0.21681339599308558,0.10354616597760469,0.20509404825861566,0.16217098248307593,0.2168588787317276,0.5084086605638731,0.09288077385281213,0.08995061556925066,0.2169039668806363,0.21690397852216847,-2.91192473314004,-2.8806752104428597,-0.03124952269718051,-0.5769326788431499,-0.6897018726740498,-7.767900893028127,-1.77530248882249
Summit,0.17804940349134113,0.6722144037633093,0.12507739298782017,0.20877314013851692,0.010036499312993557,0.18086158879505487,0.1722240524470742,0.16488563687775337,0.2270456034985078,0.16451842383710627,-1.135567741216167,-1.1975793407714295,0.06201159955526233,-1.1841843637259082,-0.522685554256775,-6.5172773477086,-1.896778271339596
Dread,0.255597886924493,0.696823904564585,0.27240280879942713,0.2740836387607733,0.1604185200123598,0.653909372607575,0.1367583641167029,0.27805513036399665,0.06318049120270203,0.12906818079315613,-1.75311154290081,-1.7569603325971566,0.0038487896963466063,-0.24552598134734996,-0.28560132321230747,-4.7238876038219,-0.9870131680317556
Jelly,0.9550901880858806,1.106541657096899,0.8147077065733802,1.0020897570503893,0.0563018334320434,0.6143031377158295,0.0870986604310284,0.5175892808872007,0.5864982722811953,0.5869871383874352,1.4549369316068015,1.4549364547697587,4.7683704274860406e-07,0.7478143656143601,-1.18954111513784,-5.529439890257221,-0.8440566795603178
Gango,0.0104217529296875,0.375640869140625,0.065338134765625,0.580078125,0.015625,0.048858642578125,0.04901123046875,0.04736328125,0.000152587890625,0.0469970703125,-1.9375762939453125,-1.7188873291015625,-0.21868896484375,-0.9022674560546875,-1.228240966796875,-7.8828582763671875,-1.0846405029296875
Naehyun,0.4732960265787707,0.18755774037028417,0.07095555612386661,1.1183801936860025,0.0029958860292964573,0.17568676157997842,0.02406192481059577,0.23806474342000428,0.14162978809615367,0.17336830824505967,-1.673720434353097,-1.4236594589324625,-0.25006097542063443,-1.1486264768400414,-1.0430913148666807,-6.996521386862394,-2.0488620398930397
Proud,0.6640625,0.3984375,0.5078125,0.0625,0.25,0.1875,0.65625,0.1875,0.2265625,0.1640625,-1.625,-1.6875,0.0625,-0.609375,0.5,-4.015625,-0.8515625
Moojin,0.2734375,0.0234375,1.0,0.0078125,0.015625,0.33984375,0.0234375,0.08984375,0.02734375,0.0234375,-1.92578125,-1.92578125,0.0,-0.31640625,-0.81640625,-8.44140625,-1.70703125
BeryL,0.9500169903222675,1.1280303022176876,0.9597170651105387,0.8850870459224809,0.1682831724352961,0.8710915892585168,0.24163739617281185,0.8749980905964201,0.9995117011272858,0.9999999977567804,3.0881274843126763,3.0878795886241592,0.00024789568851706095,1.2324002329244494,0.24517707344699774,7.396204019762646,1.0644144703594827
Flame,0.59698486328125,0.76171875,0.12701416015625,0.06591796875,0.5413818359375,0.38018798828125,0.03460693359375,0.516845703125,0.03448486328125,0.03448486328125,-0.4598388671875,-0.45947265625,-0.0003662109375,-0.23956298828125,-1.4298095703125,-8.6920166015625,-2.42889404296875
Senan,0.8578896854463944,0.3814261930807388,0.5238096849068659,0.29316872825492,1.1485159412514023,0.8255804012545317,0.32451884403004216,0.8276279418604042,0.5745839325349693,0.3265370575349551,-0.4897594434352073,-0.01904463590660771,-0.4707148075285996,0.6511608025090634,0.35396024477740395,-2.0872505090118887,-0.6118725161422827
TaNa,0.5513038635253906,0.00048828125,0.00543975830078125,0.001956939697265625,0.5977783203125,0.08034515380859375,0.5001373291015625,0.04811859130859375,0.0472412109375,0.03150177001953125,-4.002986907958984,-3.4872398376464844,-0.5157470703125,-0.8393077850341797,-0.35984039306640625,-8.034660339355469,-1.2550239562988281
Seize,0.15433338284492493,0.1840859055519104,0.2916899025440216,0.005871012806892395,0.13476765155792236,0.09633691608905792,0.15467849373817444,0.02968648076057434,0.15442529320716858,0.15466323494911194,-3.547048792243004,-3.5314202159643173,-0.015628576278686523,-0.8073261603713036,-0.7648603916168213,-6.188976094126701,-0.6832457184791565
Wizer,0.5,0.0,0.0,0.5,0.0,0.0,0.0,0.5,0.5,0.5,-1.0,-1.0,0.0,-0.5,-0.5,-3.5,-1.5
Crush,0.5,0.0,0.0,0.5,0.0,0.0,0.0,0.5,0.5,0.5,-1.0,-1.0,0.0,-0.5,-0.5,-3.5,-1.5
Ryan,0.84375,0.15625,0.3125,0.78125,0.5,0.34375,0.25,0.34375,0.84375,0.34375,-0.8125,-0.8125,0.0,-0.28125,-0.40625,-2.75,-1.59375
Ruby,0.84375,0.15625,0.3125,0.78125,0.5,0.34375,0.25,0.34375,0.84375,0.34375,-0.8125,-0.8125,0.0,-0.28125,-0.40625,-2.75,-1.59375
Riris,0.0,0.0,0.0,0.0,0.0,0.5,0.0,0.5,0.0,0.0,-2.5,-2.5,0.0,0.5,-0.5,-3.5,-1.0
reM,0.0,0.0,0.5,0.0,0.0,0.75,0.0,0.25,0.0,0.0,-3.25,-2.75,-0.5,0.75,-0.75,-6.25,-1.0
Moo,0.0,0.0,0.0,0.0,0.0,0.5,0.0,0.5,0.0,0.0,-2.5,-2.5,0.0,0.5,-0.5,-3.5,-1.0
Minit,0.0,0.0,0.0,0.0,0.0,0.5,0.0,0.5,0.0,0.0,-2.5,-2.5,0.0,0.5,-0.5,-3.5,-1.0
Jisu,0.8752059936523438,0.503936767578125,0.44644927978515625,1.06500244140625,0.8232574462890625,0.1704864501953125,0.53192138671875,0.12567138671875,0.5001983642578125,0.50067138671875,0.5059661865234375,0.9980316162109375,-0.4920654296875,-0.6590194702148438,-0.11775970458984375,-4.048896789550781,-0.7826309204101562
Catch,0.01318359375,0.251953125,0.57275390625,0.16015625,0.6884765625,0.9111328125,0.04296875,0.04296875,0.0126953125,0.04296875,-1.6181640625,-2.1259765625,0.5078125,0.82275390625,-0.53662109375,-4.12939453125,-1.08837890625
Light,0.8752059936523438,0.503936767578125,0.44644927978515625,1.06500244140625,0.8232574462890625,0.1704864501953125,0.53192138671875,0.12567138671875,0.5001983642578125,0.50067138671875,0.5059661865234375,0.9980316162109375,-0.4920654296875,-0.6590194702148438,-0.11775970458984375,-4.048896789550781,-0.7826309204101562
Gori,0.0,0.0,0.0,0.0,0.0,0.5,0.0,0.0,0.0,0.0,-1.5,-1.5,0.0,0.5,0.0,-3.5,-0.5
Doran,0.7656392220287405,0.5324567447321346,1.0009314013414627,0.1106078968500856,0.7695640795006402,0.8755557240019807,0.8017305689361092,0.8853214533111069,0.30368422924901245,0.7958411827996603,0.486450051115045,0.4864653099623152,-1.525884727016091e-05,0.36769549942887536,0.8534540542613755,4.61708286627886,1.6040144194982093
Rich,0.28499164780123465,0.4001499620649156,1.0003245185366723,0.1375753532656745,0.2832998891972238,0.2668163008365809,0.3283101133879427,0.2666947785037337,0.015840764770928217,0.2658417184575228,-0.4891748303193708,-0.23917482403476242,-0.2500000062846084,-1.3687612243334115,0.12170948388165925,-2.328630755533595,0.48582323119399007
Cover,0.4390129465609789,0.22197246924042702,0.18857200630009174,0.0319216251373291,0.2602162379771471,0.7617022078484297,0.329710790887475,0.25181404687464237,0.2673692349344492,0.2673706505447626,-1.5419883579015732,-1.5092741418629885,-0.03271421603858471,0.5387063603848219,-0.1373840495944023,-3.7325219213962555,-0.2278459221124649
Trigger,0.0210113525390625,0.017608642578125,0.0260162353515625,0.572265625,0.0039215087890625,0.2297210693359375,0.0064239501953125,0.0774688720703125,0.0739288330078125,0.0074005126953125,-2.0897216796875,-2.0870513916015625,-0.0026702880859375,-1.1557769775390625,-0.74505615234375,-9.214111328125,-2.5821533203125
Ganknam,0.875,0.5,0.4375,1.0625,0.8125,0.15625,0.53125,0.125,0.5,0.5,0.53125,1.03125,-0.5,-0.671875,-0.109375,-3.984375,-0.765625
Ggoong,0.875,0.5,0.4375,1.0625,0.8125,0.15625,0.53125,0.125,0.5,0.5,0.53125,1.03125,-0.5,-0.671875,-0.109375,-3.984375,-0.765625
Flawless,0.018090572298336265,0.3852629197819386,0.28187568119597367,0.03127432059773909,0.26660217405653014,0.28528283606185123,0.26562925158206974,0.26953168224179963,0.312500910006116,0.31640668316903503,-2.0995713795417386,-2.099571437196455,5.7654716514865534e-08,-0.8647046960171166,-0.7224643312325738,-5.11166076257972,-0.5874114172367195
Keine,0.5798568725585938,0.06298828125,0.6225204467773438,0.7750167846679688,0.01031494140625,0.43454742431640625,0.00690460205078125,0.31038665771484375,0.28961944580078125,0.00567626953125,-1.3393230438232422,-1.3378582000732422,-0.00146484375,0.4029273986816406,-1.047760009765625,-8.599943161010742,-1.8845157623291016
Mystic,0.15736594017671218,0.4073176019170008,0.31364938479616417,0.6580353304909644,0.22421276612153562,0.10213001529768226,0.22030653868844133,0.21931858746773533,0.7203296615672913,0.21935691376456568,-0.8102889548520696,-0.8102891634683335,2.0861626381929455e-07,-0.21447041073753098,-0.8022921546448211,-4.337442260477786,-1.5927324283520874
Kabbie,0.525576371190823,0.5783088377594652,0.13691748744258803,0.06836200323857611,0.017626318413476838,0.02345516104222156,0.07618713380816189,0.09181262868560225,0.07231189522462955,0.07618762868560225,-2.8415748189205203,-2.468032000122861,-0.3735428187976595,-1.1796201882421826,-0.9880636278608108,-8.12954196374892,-1.245142198794838
Vsta,0.965108202653937,0.46125960466451943,0.2246104347286746,0.8828740165336058,0.778077915776521,0.8708895709714852,0.2658699013409205,0.05889310030033812,0.42797923157922924,0.4279945048619993,-0.18181477475445718,0.3025754840346053,-0.2343902587890625,0.611455509904772,-0.376296442525927,-3.554060729278717,-1.3956457846215926
Canna,0.8069891885284417,0.5531689182160262,0.7547308376452031,0.7207482610981024,0.33699989462736474,0.8203593403824376,0.7266816687615963,0.7605449915655658,0.8520969939137468,0.8521046306424434,1.2863934948985096,1.2863915717176204,1.9231808892064203e-06,1.2862582773919895,0.78051216321594,8.286611296038874,1.9673106228335664
Pyosik,0.7656392220287405,0.5324567447321346,1.0009314013414627,0.1106078968500856,0.7695640795006402,0.8755557240019807,0.8017305689361092,0.8853214533111069,0.30368422924901245,0.7958411827996603,0.486450051115045,0.4864653099623152,-1.525884727016091e-05,0.36769549942887536,0.8534540542613755,4.61708286627886,1.6040144194982093
Quad,0.125,0.0,0.0,1.875,1.25,0.5,0.75,0.25,0.5,0.75,1.875,1.875,0.0,-0.25,1.125,4.125,1.75
Keria,0.7656392220287405,0.5324567447321346,1.0009314013414627,0.1106078968500856,0.7695640795006402,0.8755557240019807,0.8017305689361092,0.8853214533111069,0.30368422924901245,0.7958411827996603,0.486450051115045,0.4864653099623152,-1.525884727016091e-05,0.36769549942887536,0.8534540542613755,4.61708286627886,1.6040144194982093
Mia,0.015625,0.0,0.2890625,0.5625,0.0078125,0.2265625,0.0859375,0.0546875,0.1015625,0.0234375,-1.6640625,-1.7109375,0.046875,-1.0625,-0.484375,-8.203125,-2.2109375
FATE,0.17804933397565037,0.6722142772050574,0.12507728958735242,0.20877315734833246,0.010036744533863384,0.18086158954247367,0.1722241455281619,0.1648856365791289,0.2270456227051909,0.1645184719673125,-1.1355676552047953,-1.1975792621960863,0.062011606991291046,-1.1841843889851589,-0.5226852446357952,-6.5172757348409505,-1.8967778881342383
Ray,0.46875,0.375,0.15625,0.5,0.390625,0.375,0.15625,0.40625,0.109375,0.234375,-1.578125,-1.578125,0.0,-1.03125,-0.5625,-4.453125,-1.046875
Ben,0.15736593306064606,0.4073175936937332,0.3136493843048811,0.6580353230237961,0.22421276941895485,0.10213001444935799,0.22030653804540634,0.21931858733296394,0.7203296609222889,0.21935691311955452,-0.8102889768779278,-0.8102891854941845,2.086162567138672e-07,-0.21447042003273964,-0.802292151376605,-4.337442250922322,-1.5927324295043945
Lonely,0.986328125,0.994140625,0.33447265625,0.10546875,0.28125,0.26611328125,0.27978515625,0.39501953125,0.33056640625,0.33056640625,-0.76513671875,-0.76513671875,0.0,-0.5595703125,-0.3779296875,-1.8359375,0.0341796875
Hoya,0.671875,0.546875,0.5234375,0.171875,0.15625,0.15625,0.0,0.03125,0.03125,0.03125,-0.921875,-0.921875,0.0,-1.578125,-0.2265625,-8.1015625,-1.6171875
Ellim,0.685028076171875,0.958282470703125,0.580780029296875,0.91552734375,0.242767333984375,0.134613037109375,0.122283935546875,0.649749755859375,0.056121826171875,0.055999755859375,-0.843475341796875,-0.593475341796875,-0.25,-1.5638427734375,-1.708221435546875,-2.82537841796875,-0.17315673828125
deokdam,0.2849916478007799,0.40014996206446085,1.0003245185362175,0.137575353262946,0.2832998891972238,0.26681630083476193,0.32831011338566896,0.2666947785037337,0.01584076476865448,0.2658417184575228,-0.4891748302761698,-0.23917482398974244,-0.2500000062864274,-1.3687612243229523,0.12170948389393743,-2.328630755422637,0.48582323122536764
WADID,0.5,0.5,0.0625,0.0,0.0,0.25,0.0625,0.4375,0.25,0.0625,-3.4375,-3.1875,-0.25,-1.375,-1.25,-6.125,-1.25
Danchung,0.90234375,0.7578125,0.7890625,0.16015625,0.15234375,0.10546875,0.0234375,0.03125,0.29296875,0.0546875,-0.94140625,-0.95703125,0.015625,-1.1640625,-1.296875,-8.4921875,-1.796875
DuDu,0.06977963447570801,0.032120704650878906,0.0014238357543945312,0.0970618724822998,0.009814977645874023,0.17481470108032227,0.0029315948486328125,0.04981040954589844,0.017824172973632812,0.017578125,-2.790323495864868,-2.7903196811676025,-3.814697265625e-06,-1.1763596534729004,-0.22507119178771973,-7.196771860122681,-0.9767825603485107
CaD,0.2308349609375,0.449462890625,0.223876953125,0.1917724609375,0.0281982421875,0.01025390625,0.00830078125,0.00927734375,0.12548828125,0.0,-2.1427001953125,-2.1417236328125,-0.0009765625,-1.273193359375,-0.7196044921875,-8.2476806640625,-1.1029052734375
Kuri,0.5,0.5,1.0,0.0,0.0,0.25,0.25,0.25,0.25,0.75,-0.75,-0.75,0.0,-0.5,-0.25,2.0,0.25
Mireu,0.0702056884765625,0.0313873291015625,0.0016632080078125,0.0972900390625,0.0105438232421875,0.175323486328125,0.003082275390625,0.050384521484375,0.017730712890625,0.017578125,-2.7890777587890625,-2.7890167236328125,-6.103515625e-05,-1.175262451171875,-0.2242889404296875,-7.19622802734375,-0.9770050048828125
Clozer,0.75,0.5,0.75,0.6875,0.25,0.8125,0.6875,0.75,0.8125,0.8125,1.1875,1.1875,0.0,1.375,0.75,8.0625,1.9375
YeongJae,0.0,0.0,0.0,0.0,0.0,0.0,0.0,0.0,0.0,0.0,-1.5,-1.5,0.0,-1.0,0.0,-3.5,-0.5
